# sector ticker_a ticker_b alpha hedge_ratio P00 P01 P11 R lPb_mean sigma_alpha sigma_beta adf_pvalue theta mu sigma half_life stat_std_dev start end
basic-materials LIN RPM 3.488577159 0.53691876 0.009130433003 -0.001970461042 0.0004287042648 0.001465212919 3.666605312 0.03 0.01 3.792957676e-10 18.85861768 0.01088581971 0.2156228537 9.262242465 0.03510951769 2015-01-01 2023-12-31
basic-materials LIN SSD 3.881630979 0.4055408473 0.009095224139 -0.001769799146 0.0003486605775 0.002921928399 3.518519827 0.03 0.01 1.550101665e-10 17.46087825 0.01308270289 0.2293179239 10.00368292 0.03880520315 2015-01-01 2023-12-31
basic-materials LIN MTRN 4.256687349 0.3590817222 0.007978660569 -0.001674597886 0.0003560736766 0.002623241102 3.374981693 0.03 0.01 1.150613794e-09 17.77177342 0.01528611716 0.2311236889 9.828680872 0.03876716823 2015-01-01 2023-12-31
basic-materials RPM SSD 2.263806496 0.4558219034 0.009336058499 -0.001818151306 0.0003585571637 0.00318561776 3.518519827 0.03 0.01 1.759650394e-06 12.0251471 0.0004324848255 0.2501661071 14.52565095 0.05101152108 2015-01-01 2023-12-31
basic-materials RPM APD 0.3554695478 0.7674506784 0.01686950156 -0.003041528678 0.0005512945544 0.002134650109 4.628794924 0.03 0.01 4.243335277e-09 13.13760144 -0.0003922899054 0.2553666823 13.29566057 0.04981856287 2015-01-01 2023-12-31
basic-materials RPM SHW 0.4405747401 0.7394417463 0.01881438897 -0.003348938384 0.0006002035586 0.004194543887 4.427411187 0.03 0.01 0.0006237598722 12.47215802 -0.002459255637 0.22102736 14.0050414 0.0442547851 2015-01-01 2023-12-31
basic-materials RGLD APD -0.6986075854 0.9743267146 0.05275978186 -0.009475412588 0.001711671576 0.0243025105 4.628794924 0.03 0.01 0.0004853223593 7.599800554 -0.04725731729 0.4912744213 22.98390442 0.1260108838 2015-01-01 2023-12-31
basic-materials RGLD CTVA 4.431580699 0.1413798593 0.005693422895 -0.002774965664 0.001410307656 0.01471368624 1.322486709 0.03 0.01 0.04099086433 4.868777641 -0.006238940825 0.2955432019 35.87616901 0.09471003694 2015-01-01 2023-12-31
basic-materials RGLD DOW 4.018154609 0.1834382621 0.02100334836 -0.005491046692 0.00145550524 0.02321002379 3.442742908 0.03 0.01 0.01640509447 5.273291049 0.004853230698 0.2939626456 33.12411318 0.09051827695 2015-01-01 2023-12-31
basic-materials SSD BCPC 1.279521895 0.7828917457 0.01452128242 -0.002969109903 0.0006123364158 0.004246380757 4.115138776 0.03 0.01 2.827854568e-07 10.23766057 0.02252618151 0.3084107768 17.06181684 0.06815758348 2015-01-01 2023-12-31
basic-materials RS MLM 1.368919612 0.6845899298 0.01803816909 -0.002943609955 0.0004840449503 0.004873404255 5.033109627 0.03 0.01 3.023727664e-06 12.81558546 0.01671732932 0.265627861 13.62973936 0.05246738289 2015-01-01 2023-12-31
basic-materials RS VMC 1.471630328 0.7630761076 0.01569664243 -0.002921801384 0.0005485322696 0.004802967826 4.528697635 0.03 0.01 6.76278475e-07 14.2886918 0.01902111945 0.2869220164 12.22456835 0.05367260102 2015-01-01 2023-12-31
basic-materials CRH MLM -0.1049997962 0.6854420656 0.01538212068 -0.002504223132 0.0004102207906 0.002347323653 5.033109627 0.03 0.01 6.665983652e-09 13.00351366 0.005103676561 0.2423596257 13.43276087 0.04752421107 2015-01-01 2023-12-31
basic-materials CRH UFPI 1.557707562 0.5389335306 0.008413931444 -0.001790554005 0.0003876141274 0.004739817159 3.098240356 0.03 0.01 4.871052946e-06 10.23506876 0.005737130314 0.2686301754 17.06613737 0.05937374124 2015-01-01 2023-12-31
basic-materials CRH VMC 0.05217145445 0.7520378806 0.01474284218 -0.002743551504 0.0005147040159 0.003815752073 4.528697635 0.03 0.01 3.188234713e-06 11.48234903 0.008475608909 0.2458539129 15.21231318 0.0513034717 2015-01-01 2023-12-31
basic-materials CRH SCCO 1.615956275 0.5789473744 0.008560657209 -0.00201804212 0.0004866068511 0.009018564615 2.909506282 0.03 0.01 2.360659087e-07 8.809005677 0.00617860856 0.2792013857 19.82892235 0.06651799139 2015-01-01 2023-12-31
basic-materials MLM UFPI 3.069955488 0.652372971 0.01059993094 -0.002271019029 0.0004970226092 0.01163555438 3.098240356 0.03 0.01 9.19489274e-05 8.161137241 0.002665543339 0.2976712519 21.40303298 0.07367948058 2015-01-01 2023-12-31
basic-materials MLM VMC 0.2859099616 1.089380286 0.01526848557 -0.00284177605 0.0005333441291 0.004347517716 4.528697635 0.03 0.01 6.461185665e-09 19.69765521 0.004063733257 0.1687472852 8.867709767 0.02688527797 2015-01-01 2023-12-31
basic-materials MLM BCPC 1.331700169 0.976906822 0.02440224788 -0.004997070679 0.001033494355 0.0156224753 4.115138776 0.03 0.01 2.059550466e-05 7.483861081 0.01085923375 0.3401835382 23.33996952 0.08792966882 2015-01-01 2023-12-31
basic-materials MLM SCCO 3.713564575 0.5617624222 0.01281922317 -0.00303467223 0.0007377235382 0.02774622299 2.909506282 0.03 0.01 0.002892416399 4.667881421 0.009563827749 0.3155150134 37.4202071 0.1032630918 2015-01-01 2023-12-31
basic-materials OICT CLMT -4.586282736 2.330099823 0.007312707869 -0.002355395723 0.0009396714043 0.5526280025 2.362987671 0.03 0.01 0.01623000355 4.305189669 -0.4799935276 4.825436827 40.57268156 1.644468246 2015-01-01 2023-12-31
basic-materials OICT MOS -10.71320759 3.484479554 0.1465945201 -0.04274963395 0.01279025767 3.698797748 3.277609491 0.03 0.01 0.00652786577 4.940159853 -0.9313802457 5.198584413 35.35778086 1.653863267 2015-01-01 2023-12-31
basic-materials OICT AXTA -18.73432182 5.903449065 1.697992739 -0.5082273543 0.1525312412 5.403560495 3.342135273 0.03 0.01 0.03994380534 3.146197299 -0.7519205132 4.84735885 55.51879711 1.932400748 2015-01-01 2023-12-31
basic-materials OICT HCC -5.118733858 1.832928733 0.02659768523 -0.007425415741 0.002181314369 0.4695259852 2.593966487 0.03 0.01 0.1188693504 3.473626811 0.003161407101 5.126130925 50.2855082 1.944836592 2015-01-01 2023-12-31
basic-materials OICT DOW -22.61149341 6.279604643 1.541690113 -0.4165065318 0.1129444164 5.298911941 3.442742908 0.03 0.01 0.1015124912 5.729739924 -0.1390720854 5.38925547 30.48534345 1.592011933 2015-01-01 2023-12-31
basic-materials OICT NEM 14.92764293 -3.802495306 0.117985925 -0.03145709599 0.008588272117 2.055589005 3.037974927 0.03 0.01 0.02690269431 3.531342235 0.9232051922 4.815781769 49.46365372 1.812098898 2015-01-01 2023-12-31
basic-materials MP IFF -2.045759821 1.187173639 0.1538453996 -0.03463043075 0.007838499848 0.2016853211 4.663793822 0.03 0.01 0.05886979109 5.828124724 0.1521381333 0.7100533891 29.97071919 0.207975218 2015-01-01 2023-12-31
basic-materials MP APD 7.407239612 -0.75815286 1.288387552 -0.2328939573 0.04213012736 0.2569104347 5.486354511 0.03 0.01 0.4445924744 2.168474162 -0.02271475508 0.652439753 80.55115092 0.3132912683 2015-01-01 2023-12-31
basic-materials MP SXT -5.213313201 2.011712348 0.06546107414 -0.0157472362 0.003816137817 0.06501915885 4.093318604 0.03 0.01 0.03664168637 7.403796654 -0.00391871398 0.6483542625 23.59236722 0.1684884486 2015-01-01 2023-12-31
basic-materials MP NEU 10.3836544 -1.215857678 0.4684473035 -0.07919551948 0.01341420681 0.2215767668 5.823673068 0.03 0.01 0.1434972464 5.10968789 0.1014354624 0.7752846719 34.18468862 0.2425208117 2015-01-01 2023-12-31
basic-materials MP PRM 2.017367968 0.60787099 0.001918928107 -0.00111326225 0.0007277916897 0.01223794303 2.477510954 0.03 0.01 0.01469117174 13.94236888 -0.03483810263 0.5368335519 12.52822178 0.1016614662 2015-01-01 2023-12-31
basic-materials IFF NEU 3.811411202 0.06955871935 0.03519361305 -0.005694204895 0.0009253164201 0.006623973049 5.826009478 0.03 0.01 9.743459284e-06 7.977126754 -0.006807091686 0.3089846491 21.89674239 0.07735682905 2015-01-01 2023-12-31
basic-materials IFF PRM 3.740972919 0.3566878047 0.0008652176197 -0.0005169523046 0.0003531593949 0.003053653375 2.477510954 0.03 0.01 0.01357567816 14.06069458 -0.001669784977 0.3884861745 12.42279238 0.07325835836 2015-01-01 2023-12-31
basic-materials IFF HCC 4.410701034 -0.04014037568 0.004500420005 -0.001119699915 0.0002860442643 0.003404101586 2.593966487 0.03 0.01 1.407842258e-06 12.62202768 -0.0086429697 0.3593141052 13.83875031 0.0715145984 2015-01-01 2023-12-31
basic-materials CLMT PRM 2.646528588 0.1103273769 0.001163533135 -0.0006924968657 0.0004692185672 0.005191292681 2.477510954 0.03 0.01 0.0002278378377 9.956720448 0.0273674087 0.5477565391 17.54323529 0.1227479976 2015-01-01 2023-12-31
basic-materials APD DOW 5.110824775 0.1141683548 0.009188614395 -0.002395429588 0.0006343382321 0.005791635628 3.442742908 0.03 0.01 0.006019603745 6.310541398 0.01033940592 0.2498763445 27.67957272 0.07033586552 2015-01-01 2023-12-31
basic-materials APD SHW 2.433050239 0.5522623921 0.01622647976 -0.002882250374 0.0005153058712 0.002828956873 4.427411187 0.03 0.01 5.755647215e-10 14.84079114 0.002863875526 0.2320045962 11.76979636 0.04258464824 2015-01-01 2023-12-31
basic-materials UFPI VMC -1.544959737 1.156616548 0.01993901442 -0.003716362365 0.0006995043669 0.01014411221 4.528697635 0.03 0.01 7.374723298e-07 12.21252732 0.01684771649 0.4090158201 14.30277984 0.08276035297 2015-01-01 2023-12-31
basic-materials CTVA ALB 0.3437802491 0.3250911673 0.00850323787 -0.001716446229 0.0003516036909 0.004166618912 4.157033007 0.03 0.01 0.0002056020671 11.59703342 0.01192300189 0.2684233922 15.06187687 0.05573550087 2015-01-01 2023-12-31
basic-materials CLF DOW -3.545527158 1.683829088 0.022308356 -0.005833537436 0.001546327368 0.02541961399 3.442742908 0.03 0.01 0.01374624784 6.032246666 0.0363576788 0.5266621124 28.95655619 0.1516273458 2015-01-01 2023-12-31
basic-materials CLF BCPC -6.347006128 1.892088024 0.1002749523 -0.02058623624 0.004263200918 0.2005736486 4.115138776 0.03 0.01 0.01033270876 3.455003943 -0.009934592772 0.6403143829 50.55655287 0.2435869321 2015-01-01 2023-12-31
basic-materials PPG JHX 3.740741466 0.3276146431 0.004690250222 -0.001337261166 0.000392689722 0.004938891335 2.461539852 0.03 0.01 8.737488038e-07 10.84410359 0.005480529474 0.2678228022 16.10765592 0.0575089877 2015-01-01 2023-12-31
basic-materials PPG VMC 3.02107419 0.3451422753 0.0155779425 -0.002899613625 0.0005443210269 0.004674782863 4.528697635 0.03 0.01 1.247756811e-05 9.262148972 0.006952204577 0.2696065545 18.85880804 0.0626411277 2015-01-01 2023-12-31
basic-materials PPG SCCO 3.61077917 0.2989401902 0.007123053806 -0.00167752559 0.0004030212692 0.004886487819 2.909506282 0.03 0.01 1.563577882e-05 9.445087791 0.002094547069 0.260771305 18.49353795 0.0599986948 2015-01-01 2023-12-31
basic-materials PPG SHW 1.077780613 0.676561487 0.0170048304 -0.003022583712 0.0005408304564 0.003214555485 4.427411187 0.03 0.01 3.060882946e-09 13.45475707 -0.004556424137 0.225228044 12.98225516 0.04341797227 2015-01-01 2023-12-31
basic-materials SXT PRM 3.64179364 0.2881533237 0.001330697128 -0.0007884438052 0.0005305063854 0.006558014024 2.477510954 0.03 0.01 0.01459971713 14.12124017 0.002771287752 0.270691834 12.36952898 0.05093587099 2015-01-01 2023-12-31
basic-materials AU DOW 2.864873323 -0.008642242902 0.03186066101 -0.008342353672 0.002211604077 0.04304916192 3.442742908 0.03 0.01 0.07931229982 3.336473588 0.01379961884 0.4867100091 52.3526067 0.188413247 2015-01-01 2023-12-31
basic-materials JHX VMC -1.586524951 0.9400636352 0.01527996387 -0.002843921181 0.0005337512339 0.004359473876 4.528697635 0.03 0.01 2.562057049e-05 11.40591712 0.007102350325 0.3774424598 15.31425204 0.07902611831 2015-01-01 2023-12-31
basic-materials MTRN HCC 3.432338619 0.3261437119 0.004848646501 -0.001211163524 0.0003118120683 0.005140886975 2.593966487 0.03 0.01 5.594822961e-06 11.86905125 0.0150405386 0.4242097822 14.71668508 0.08706782156 2015-01-01 2023-12-31
basic-materials NUE PRM 5.163587774 -0.08903292982 0.002356019532 -0.001344059764 0.0008599628909 0.01722200199 2.477510954 0.03 0.01 0.03654247464 9.322536412 0.02890310188 0.4496620108 18.73664867 0.1041367828 2015-01-01 2023-12-31
basic-materials WLK LYB -0.3200827871 1.173076394 0.01527315925 -0.003475704854 0.0008014825233 0.01119264055 3.86826256 0.03 0.01 1.396282186e-05 10.8075534 0.01357329868 0.3014322614 16.1621306 0.06483522746 2015-01-01 2023-12-31
basic-materials CDE PRM 0.389961177 0.4191604301 0.002111635229 -0.001215960139 0.0007873155237 0.01436330156 2.477510954 0.03 0.01 0.0427102647 8.177340011 0.02555563654 0.7000292615 21.36062451 0.1730992429 2015-01-01 2023-12-31
basic-materials CDE HCC 2.55772081 -0.398126707 0.007484076263 -0.001913799164 0.0005143794545 0.03354413896 2.593966487 0.03 0.01 0.008684849521 6.202292679 -0.02770602479 0.8293020289 28.16266477 0.2354624193 2015-01-01 2023-12-31
basic-materials AXTA ALB 2.57657684 0.1691773822 0.009123032412 -0.001825582973 0.0003723794074 0.007821590281 4.034509557 0.03 0.01 2.262015635e-05 7.438535306 -0.001525036535 0.3267887407 23.48218867 0.08472437478 2015-01-01 2023-12-31
basic-materials AXTA HCC 3.28366159 0.03528616951 0.00502756312 -0.001258414687 0.0003252698846 0.006262295099 2.593966487 0.03 0.01 5.530315549e-05 7.898914821 0.007055362914 0.3677768951 22.11355527 0.09253067469 2015-01-01 2023-12-31
basic-materials AXTA VMC 1.160216318 0.4221267278 0.01822891584 -0.00339566253 0.000638524743 0.007837112518 4.528697635 0.03 0.01 2.132207881e-05 8.02422391 -0.003550684585 0.3130690348 21.76822226 0.07814903093 2015-01-01 2023-12-31
basic-materials AXTA BCPC 1.837084712 0.3246736834 0.01804711971 -0.003693399715 0.0007630453994 0.007823319617 4.115138776 0.03 0.01 1.798173275e-05 7.49419166 -0.0003191965821 0.3276267304 23.30779588 0.08462563336 2015-01-01 2023-12-31
basic-materials AXTA SCCO 1.787414033 0.3889465113 0.007751988867 -0.001826461377 0.0004395770985 0.006548199126 2.909506282 0.03 0.01 2.029581096e-06 9.032733588 -0.01093881207 0.3085796626 19.33778826 0.0726010165 2015-01-01 2023-12-31
basic-materials AXTA FCX 2.385594675 0.2881090809 0.004438064324 -0.00120618409 0.0003389993334 0.005401663884 2.403097191 0.03 0.01 7.166414319e-07 9.594365615 -0.006715253836 0.3125365903 18.20579875 0.07134733239 2015-01-01 2023-12-31
basic-materials AXTA CE 0.9406495202 0.5102015672 0.01255249582 -0.00256589565 0.0005314576886 0.007281143561 4.023386841 0.03 0.01 8.066258017e-06 9.37983964 -0.005401988367 0.2819310369 18.62218292 0.06509238492 2015-01-01 2023-12-31
basic-materials AXTA ESI 2.281755362 0.3817712742 0.004375431166 -0.001424878997 0.0004786794946 0.00505199356 2.485894058 0.03 0.01 2.07408681e-06 8.829330141 -0.002518436495 0.3056601823 19.78327763 0.07273777163 2015-01-01 2023-12-31
basic-materials AXTA EXP 0.7449509749 0.5162592948 0.01294028018 -0.002481525804 0.0004816884756 0.006522557614 4.304540013 0.03 0.01 5.808026168e-08 11.35416522 -0.008422499243 0.2892462328 15.38405388 0.06069810166 2015-01-01 2023-12-31
basic-materials AXTA SHW -0.2651008284 0.6594001374 0.02210544237 -0.003942978594 0.0007083579088 0.006280207715 4.427411187 0.03 0.01 1.145963657e-06 9.335565172 -0.01514917262 0.2877419921 18.71049972 0.06659136858 2015-01-01 2023-12-31
basic-materials AXTA NEM 3.353052334 0.01668606015 0.006739103789 -0.001824593828 0.0005066696951 0.007850021031 3.037974927 0.03 0.01 1.889377115e-05 7.522392248 0.002667689761 0.3484351232 23.22041762 0.08983155988 2015-01-01 2023-12-31
basic-materials AXTA LYB 0.6367033868 0.6411924546 0.0103337136 -0.002350827747 0.0005409047167 0.003843391552 3.86826256 0.03 0.01 7.886269367e-06 12.04672614 -0.004273060746 0.2915574012 14.49963148 0.05939837364 2015-01-01 2023-12-31
basic-materials PRM HCC 3.640065675 -0.5517525671 0.01599043686 -0.004086861362 0.00105780747 0.0111984511 3.290093276 0.03 0.01 0.06577348025 8.356971218 -0.0846126467 0.5885773697 20.90148272 0.1439673825 2015-01-01 2023-12-31
basic-materials DOW VMC -0.2287958977 0.7532143045 0.04482836124 -0.008387861357 0.001578045351 0.01648099102 4.805008433 0.03 0.01 0.014308626 6.046058441 -0.01314976769 0.2803525617 28.89040707 0.08062196158 2015-01-01 2023-12-31
basic-materials DOW BCPC 0.6189427391 0.6515137769 0.08515887714 -0.01750122908 0.003609784393 0.02663324459 4.546913801 0.03 0.01 0.02218705327 5.178968558 -0.001663798448 0.2989904866 33.72738945 0.09290107405 2015-01-01 2023-12-31
basic-materials DOW SCCO 1.351751383 0.5805391378 0.01273821821 -0.003010908928 0.0007241720716 0.01261306922 3.231402312 0.03 0.01 0.005674286342 7.390597769 -0.02364425658 0.2665242448 23.63450088 0.06932373291 2015-01-01 2023-12-31
basic-materials DOW FCX 1.936527429 0.5125185762 0.005076350928 -0.001381808286 0.0003889398015 0.006798375157 2.259821254 0.03 0.01 0.005122692708 8.708983204 -0.0276446695 0.2550962026 20.05665706 0.0611230855 2015-01-01 2023-12-31
basic-materials DOW ESI 1.706189753 0.6989399856 0.008589649712 -0.002835629774 0.0009600747396 0.01248999407 2.252810896 0.03 0.01 0.004985485601 7.859792608 -0.0176953188 0.2677939896 22.22362576 0.06754299034 2015-01-01 2023-12-31
basic-materials DOW EXP 0.3294507857 0.6670981318 0.01512433128 -0.002902663231 0.000562860116 0.006507965138 4.361088631 0.03 0.01 0.0102259958 7.284920833 -0.01766097763 0.2565770841 23.97734903 0.06721875264 2015-01-01 2023-12-31
basic-materials DOW SHW 1.400276272 0.4297648499 0.06302911634 -0.01133936495 0.002051393889 0.03387619093 5.079389876 0.03 0.01 0.008925838862 6.042059759 0.02309509387 0.291806755 28.90952696 0.0839436473 2015-01-01 2023-12-31
basic-materials VMC BCPC 1.527951896 0.7832150321 0.02254809534 -0.004616780906 0.0009546630621 0.01320199295 4.115138776 0.03 0.01 2.478113745e-06 8.891860075 0.006842894497 0.3200533041 19.64415634 0.07589462288 2015-01-01 2023-12-31
basic-materials VMC SCCO 3.490901086 0.4375021305 0.01235216191 -0.002922390259 0.0007098256569 0.02524916616 2.909506282 0.03 0.01 0.0002887928501 6.635940778 0.01003448441 0.3024369796 26.32227974 0.08301730745 2015-01-01 2023-12-31
basic-materials BCPC CE 2.435028025 0.4992386269 0.01228964787 -0.002510980017 0.0005197518512 0.006808571023 4.023386841 0.03 0.01 1.200935777e-05 8.542986644 0.005147552356 0.2601580037 20.44637277 0.06293863646 2015-01-01 2023-12-31
basic-materials BCPC SHW 1.667715515 0.5731928072 0.03489027781 -0.006258645875 0.00113146101 0.01851388307 4.427411187 0.03 0.01 4.575714214e-06 8.121377317 -0.0008026619068 0.2619303647 21.50781606 0.06499141698 2015-01-01 2023-12-31
basic-materials FCX EXP -2.531865025 1.207242652 0.03459705419 -0.006754043494 0.001339551605 0.07920284802 4.304540013 0.03 0.01 0.01397770125 3.520259708 0.01516240688 0.4592555634 49.61937584 0.1730820681 2015-01-01 2023-12-31
basic-materials EXP LYB 1.203735954 0.9059602255 0.02103939779 -0.004796219659 0.001108326054 0.02238660308 3.86826256 0.03 0.01 0.002988684226 5.892070077 0.02251990665 0.3202011506 29.6454535 0.09327686446 2015-01-01 2023-12-31
communication-services IRDM NXST 0.6760119488 0.6175644948 0.01492228931 -0.003021229741 0.0006210771774 0.0125920168 3.703911792 0.03 0.01 3.594245567e-05 8.737960205 0.0282057043 0.4366607582 19.99014477 0.1044537739 2015-01-01 2023-12-31
communication-services IRDM TTD 2.062428976 0.374871556 0.00469049527 -0.001073399721 0.0002602859704 0.01139720593 1.528880114 0.03 0.01 3.059626167e-05 9.906852196 0.002296709745 0.4565367698 17.6315429 0.1025635211 2015-01-01 2023-12-31
communication-services ZG RBLX 1.911209989 0.5245292668 0.01026016667 -0.002733301228 0.0007532068856 0.03091123615 4.384856191 0.03 0.01 0.2947199363 3.481565313 -0.06832144769 0.6949450328 50.17084955 0.2633590118 2015-01-01 2023-12-31
communication-services ZG SNAP 2.805276887 0.4059796511 0.002314143991 -0.0008139714956 0.0003303821857 0.02678805633 2.65299866 0.03 0.01 0.000817482317 4.565635698 0.02905914316 0.5731120498 38.2582188 0.1896592 2015-01-01 2023-12-31
communication-services ZG SPHR -0.537666651 1.270149292 0.05203329723 -0.01497273729 0.004365138153 0.1277873619 3.605014114 0.03 0.01 0.06320806901 5.556638828 -0.07610580122 0.8664717255 31.43502662 0.2599161785 2015-01-01 2023-12-31
communication-services ZG PINS 1.057710892 0.817199788 0.00698785469 -0.00197717056 0.0005929346369 0.04395522361 3.127668063 0.03 0.01 0.0315744231 3.960428602 -0.001533162746 0.5394742425 44.10459247 0.191683452 2015-01-01 2023-12-31
communication-services ZG SPOT -0.6578385768 0.8783195347 0.01377608246 -0.002658813641 0.0005235665321 0.02126846738 5.008624677 0.03 0.01 0.001026077069 6.47973707 0.01277024061 0.6355580728 26.95681748 0.1765474909 2015-01-01 2023-12-31
communication-services CNK RBLX 2.249912126 0.1311790751 0.008310294534 -0.002212598176 0.0006096110598 0.02074014723 4.384856191 0.03 0.01 0.1109262831 5.163555696 -0.04432853696 0.4924953561 33.82806341 0.1532543142 2015-01-01 2023-12-31
communication-services CNK SPHR -0.4705023175 0.9124239328 0.01464458781 -0.004103938413 0.001172016662 0.02127449976 3.605014114 0.03 0.01 0.01653094889 7.845883099 0.03400225606 0.6348953767 22.26302473 0.1602751715 2015-01-01 2023-12-31
communication-services CNK APP 1.859336413 0.2452106658 0.004690668066 -0.00122408672 0.0003396991118 0.02060483216 4.315053015 0.03 0.01 0.01104687366 8.339873972 -0.01402271967 0.4747154141 20.94433202 0.1162354475 2015-01-01 2023-12-31
communication-services VZ MTCH 3.290436099 0.02584802527 0.004466616712 -0.001245528655 0.0003583731886 0.005111146689 2.71881424 0.03 0.01 2.222891948e-06 10.73695065 0.005892537527 0.2073382425 16.2684076 0.04474288015 2015-01-01 2023-12-31
communication-services FWONA BATRA 0.8546834335 0.8704754778 0.008801438486 -0.002343588665 0.0006364135739 0.008018147519 3.030216773 0.03 0.01 0.0003738248709 10.99484445 0.001938564752 0.360611512 15.8868177 0.07690065594 2015-01-01 2023-12-31
communication-services FWONA NXST 1.010023227 0.6253249373 0.01604122094 -0.003245314537 0.0006668595276 0.0151452658 3.703911792 0.03 0.01 2.416085518e-05 8.440977812 0.003542051834 0.3222898214 20.69346625 0.07843957152 2015-01-01 2023-12-31
communication-services BATRA LUMN 3.76384204 -0.149553062 0.0004254367695 -0.0001681798828 0.0002504433891 0.01993281501 2.619581016 0.03 0.01 0.000739310329 6.068819563 0.0168144411 0.396894307 28.78205352 0.1139220415 2015-01-01 2023-12-31
communication-services RBLX DIS -1.252799609 1.090722894 0.02799263195 -0.006228132971 0.00139466063 0.008749148389 5.15306729 0.03 0.01 0.03161621698 8.667556206 -0.04692043289 0.8062761119 20.15251881 0.19365132 2015-01-01 2023-12-31
communication-services WMG CMCSA 0.887889535 0.7077534594 0.01405152803 -0.003883499581 0.001085531086 0.007170845254 3.602292311 0.03 0.01 0.0134474808 8.264804775 0.00601312768 0.3865373211 21.13456933 0.09507364289 2015-01-01 2023-12-31
communication-services WMG NYT 0.3244173701 0.8264246461 0.01168831403 -0.003075028387 0.0008173589938 0.004123525202 3.761095163 0.03 0.01 0.0007356264786 12.42375471 0.004756709811 0.4097273437 14.05960545 0.08219653613 2015-01-01 2023-12-31
communication-services WMG NWSA 2.108176361 0.4310423458 0.004465374783 -0.001418669847 0.0004661516715 0.006233441572 2.779355466 0.03 0.01 0.01591164431 8.010483305 -0.001596620543 0.3690644154 21.80556189 0.09220570984 2015-01-01 2023-12-31
communication-services TMUS SPHR 4.593490947 0.0974622732 0.009797880965 -0.002723808086 0.0007728268203 0.01115050744 3.605014114 0.03 0.01 0.04812099576 6.109305668 0.0339050141 0.2457910644 28.5913161 0.07031616315 2015-01-01 2023-12-31
communication-services CMCSA SNAP 3.287863791 0.1150726481 0.001631151076 -0.0005878394294 0.0002304811003 0.004968319955 2.65299866 0.03 0.01 2.79915054e-06 12.75828838 0.009625174095 0.2832608561 13.6909501 0.05607578454 2015-01-01 2023-12-31
communication-services CMCSA META 1.767088845 0.313483022 0.008853137069 -0.00152247033 0.000265191257 0.003262748913 4.640118648 0.03 0.01 1.045116083e-09 14.14889927 0.0006089551954 0.2710528612 12.3453483 0.05095392821 2015-01-01 2023-12-31
communication-services CMCSA ROKU 2.710948944 0.1953206834 0.005037541249 -0.001110420155 0.000251640021 0.005249169541 3.771186581 0.03 0.01 8.789073469e-05 13.81883674 0.006714054134 0.2802552836 12.64021659 0.05330931083 2015-01-01 2023-12-31
communication-services CMCSA SPHR 1.973946081 0.4539067104 0.009099373748 -0.002526885064 0.0007163525797 0.009859356208 3.605014114 0.03 0.01 0.03365139072 7.832180307 0.00658751929 0.3096948251 22.30197501 0.07824878669 2015-01-01 2023-12-31
communication-services CMCSA PINS 3.024665144 0.1601531944 0.003887346673 -0.001089427492 0.0003149812607 0.004076727321 3.127668063 0.03 0.01 0.0008946272132 10.5514896 0.003719080074 0.2639740029 16.55435357 0.05746312928 2015-01-01 2023-12-31
communication-services CMCSA CHTR 0.3709492104 0.5382708 0.01163171273 -0.001942696956 0.0003261256755 0.001003486766 5.357707859 0.03 0.01 1.308430204e-13 26.56038816 0.002532062209 0.2230374242 6.576450934 0.03060169867 2015-01-01 2023-12-31
communication-services SNAP ROKU -0.6812509349 0.7337885 0.01010375877 -0.002215621234 0.0005187841878 0.1125111892 3.771186581 0.03 0.01 0.148305141 2.915671671 0.07326203086 0.7089958644 59.90835363 0.2936022609 2015-01-01 2023-12-31
communication-services SNAP LBRDA -6.915623674 2.099943362 0.04247374918 -0.009380290202 0.002097617382 0.07798058299 4.442309539 0.03 0.01 0.01378345727 4.056179608 0.06379997359 0.8516004591 43.06345043 0.298993881 2015-01-01 2023-12-31
communication-services SNAP CHTR -9.568972882 2.009738135 0.07214021374 -0.01195575889 0.001996092573 0.07886018978 5.794814965 0.03 0.01 0.01232538037 4.082603618 0.02784431458 0.8516019949 42.78472903 0.2980252523 2015-01-01 2023-12-31
communication-services NFLX NYT -1.223018437 1.332733973 0.01752420303 -0.004689251144 0.001289551551 0.05535613948 2.465325759 0.03 0.01 9.492710019e-05 6.129576022 -0.02440047796 0.5387462924 28.49676533 0.1538700442 2015-01-01 2023-12-31
communication-services NFLX SPOT 0.5262114589 0.6323109747 0.0104109167 -0.001994819038 0.0003888085362 0.008874171632 5.008624677 0.03 0.01 0.009535561188 6.286583105 0.01515715204 0.437282376 27.78506012 0.1233217406 2015-01-01 2023-12-31
communication-services NYT SPHR 2.241679005 0.4222579197 0.01094217543 -0.003047614499 0.0008659845877 0.01336625416 3.605014114 0.03 0.01 0.04451764806 7.172873217 0.01154335566 0.3464632329 24.35189975 0.09147355936 2015-01-01 2023-12-31
communication-services NYT TTD 2.131715869 0.3752153372 0.004884554829 -0.001116385064 0.0002714897313 0.01416587368 1.528880114 0.03 0.01 7.178763393e-05 8.464821028 -0.01213160555 0.3691148361 20.6351781 0.08970933007 2015-01-01 2023-12-31
communication-services NXST SPHR 4.060790507 0.2463485678 0.0150537412 -0.004221340722 0.001206193776 0.02220829273 3.605014114 0.03 0.01 0.1698567923 3.681354433 0.07164516615 0.392239056 47.44805008 0.1445546348 2015-01-01 2023-12-31
communication-services NXST APP 4.792824718 0.03102434301 0.002391630316 -0.0006280670424 0.0001695657122 0.001209300418 4.315053015 0.03 0.01 0.0003567738664 18.59369718 0.007133660701 0.3577804185 9.39420965 0.0586703519 2015-01-01 2023-12-31
communication-services NXST LYV 1.618498551 0.7357300352 0.009633150279 -0.002141439639 0.0004843571006 0.006831233555 3.240125381 0.03 0.01 1.898189581e-06 13.48309232 0.0008483988607 0.4021096127 12.95497245 0.07743453655 2015-01-01 2023-12-31
communication-services META SPHR 3.257135065 0.6975853116 0.01119357107 -0.003118941977 0.0008865516191 0.01386887351 3.605014114 0.03 0.01 0.1645999142 3.957663739 0.02051811536 0.5150555358 44.13540438 0.1830710261 2015-01-01 2023-12-31
communication-services TKO MSGS -0.6210783858 0.9655460937 0.01595948052 -0.003073291351 0.0005959054594 0.003416461301 4.79808764 0.03 0.01 4.125038234e-08 10.96982542 0.02349768513 0.4348943283 15.92305099 0.09284721641 2015-01-01 2023-12-31
communication-services ROKU LBRDA -6.037807524 2.31561611 0.04550766967 -0.01001650868 0.002233731068 0.09836929313 4.420056509 0.03 0.01 0.009623713928 4.8326767 0.09347261031 0.8819761008 36.14417027 0.2836925612 2015-01-01 2023-12-31
communication-services ROKU TTWO -7.915028867 2.493925657 0.07744203782 -0.01563284846 0.003179542926 0.09446512133 4.702700886 0.03 0.01 0.1285709534 2.802718987 0.01449392781 0.8609772258 62.32272672 0.3636527601 2015-01-01 2023-12-31
communication-services ROKU CHTR -9.293594615 2.27347108 0.07624067863 -0.01261741688 0.002104480146 0.0983477807 5.77197498 0.03 0.01 0.01125341128 4.889622653 0.03537297597 0.8626182861 35.72322486 0.275845555 2015-01-01 2023-12-31
communication-services SPHR TDS 2.693533756 0.2989490494 0.004918466193 -0.00171788339 0.0006351384232 0.02083171362 2.794534863 0.03 0.01 0.003169587757 9.659701739 -0.001847215723 0.5530290041 18.08265868 0.1258203974 2015-01-01 2023-12-31
communication-services SPHR APP 2.695887564 0.2307189445 0.004021831713 -0.001045034287 0.0002861582031 0.01134078441 4.315053015 0.03 0.01 0.01066134419 11.08073465 -0.006886723648 0.5364870185 15.76367408 0.1139619685 2015-01-01 2023-12-31
communication-services SPHR TIGO 2.49116278 0.3925908684 0.004240593562 -0.00152318831 0.0005768445704 0.01302214642 3.258325471 0.03 0.01 0.003682314112 9.783331874 0.004890921604 0.50830263 17.85415151 0.1149116249 2015-01-01 2023-12-31
communication-services SPHR TTD 2.378874755 0.2633516785 0.008816365429 -0.002007149251 0.000469840582 0.01646448808 3.973467255 0.03 0.01 0.009463124414 7.938601054 -0.02380283672 0.4967032874 22.00300636 0.124655099 2015-01-01 2023-12-31
communication-services SPHR LBRDA 1.051784404 0.5535950664 0.02922715138 -0.006525294967 0.001469706098 0.0181109317 4.935824246 0.03 0.01 0.01774523002 8.50231423 0.002007482514 0.4966195964 20.54418183 0.1204315509 2015-01-01 2023-12-31
communication-services SPHR TTWO 0.1677593071 0.6713863761 0.03691434727 -0.007367639971 0.001480216187 0.01667210223 5.094326503 0.03 0.01 0.001804204871 10.17873762 -0.01640574157 0.5022302863 17.16058474 0.1113117322 2015-01-01 2023-12-31
communication-services SPHR PINS 2.969484599 0.1596953026 0.004532795919 -0.001256533077 0.000367066361 0.01502912653 3.696562584 0.03 0.01 0.01564871782 7.351421737 -0.01531024577 0.4970489023 23.76045012 0.1296278901 2015-01-01 2023-12-31
communication-services SPHR CHTR 0.1345556271 0.5623566194 0.05369270986 -0.008913759616 0.001487175534 0.01972766581 6.377520845 0.03 0.01 0.01270213012 8.973852233 -0.007698684633 0.4996831745 19.46467191 0.1179479158 2015-01-01 2023-12-31
communication-services SPHR MGNI 3.31622314 0.1004201027 0.001142573977 -0.00045879587 0.0002121391841 0.006409546298 2.462770286 0.03 0.01 0.006358476695 9.100865799 -0.007439856775 0.4930267277 19.19301892 0.1155617502 2015-01-01 2023-12-31
communication-services SPHR SPOT 1.853197495 0.3247539978 0.0142207386 -0.002729368945 0.000533409743 0.01799419746 5.524052791 0.03 0.01 0.003518707569 9.206366878 -0.01477297487 0.4940219749 18.97307503 0.1151296358 2015-01-01 2023-12-31
communication-services TDS TIGO 1.84697809 0.3703434796 0.002692327952 -0.0009467983469 0.0003545537238 0.006856419519 3.711302408 0.03 0.01 0.003803636537 6.218357098 0.02352479093 0.5915967396 28.08990972 0.1677540233 2015-01-01 2023-12-31
communication-services APP GOOG -11.17781094 3.027327667 0.07244796207 -0.01487544935 0.003065779311 0.02079785543 4.887031373 0.03 0.01 0.001673384885 15.22176692 -0.1328617479 0.8972940608 11.47521772 0.162624982 2015-01-01 2023-12-31
communication-services APP TTWO -10.44770881 2.80984442 0.0856092595 -0.01722194017 0.003478446702 0.03302009616 5.134883417 0.03 0.01 0.02333737701 9.316675991 -0.134887104 0.8940463827 18.74843449 0.2071164323 2015-01-01 2023-12-31
communication-services T FOXA 2.095565778 0.1491335701 0.01301773185 -0.003777247817 0.001112778598 0.01096680719 3.417253692 0.03 0.01 0.01051243949 6.667855009 -0.006288713359 0.2328445536 26.1962939 0.06376142468 2015-01-01 2023-12-31
communication-services T TIGO 2.459900847 0.05417654189 0.003266684063 -0.001138986195 0.0004262795807 0.01266277303 3.711302408 0.03 0.01 0.0007886567153 8.274452501 -0.004906714451 0.2548191673 21.10992715 0.06263938149 2015-01-01 2023-12-31
communication-services T TTD 3.006310285 -0.08570036952 0.00347960326 -0.0008036465964 0.0001921513921 0.002329672622 1.528880114 0.03 0.01 1.033046561e-07 17.26467524 0.001875958666 0.2761518443 10.11736897 0.04699522611 2015-01-01 2023-12-31
communication-services T LBRDA 1.149015817 0.3301289604 0.01073459962 -0.002401330097 0.0005447135141 0.006236151161 4.074125491 0.03 0.01 9.632162534e-06 8.050234255 -0.004698347285 0.2417625659 21.69788903 0.06025176858 2015-01-01 2023-12-31
communication-services T PINS 2.620089372 -0.005196970482 0.004727904574 -0.001331961033 0.0003910504584 0.01036802156 3.127668063 0.03 0.01 0.006858334405 7.172328857 -0.004142426385 0.2462504244 24.35374799 0.06501774349 2015-01-01 2023-12-31
communication-services T CHTR 0.8596098846 0.2929821734 0.0167294961 -0.002780416262 0.0004656177624 0.00440622322 5.357707859 0.03 0.01 8.288995611e-07 9.698434643 -0.005649211939 0.2429802841 18.01044147 0.05517028353 2015-01-01 2023-12-31
communication-services T MSGS 1.289295852 0.2544447605 0.02218883293 -0.004265527421 0.0008261345614 0.007663010804 4.79808764 0.03 0.01 0.0001058989136 7.861958781 -0.005836307325 0.2489345421 22.21750258 0.06277761096 2015-01-01 2023-12-31
communication-services T GSAT 2.629832765 -0.009021142423 0.003146170029 -0.0009645427518 0.0003144240925 0.009947888551 3.215645814 0.03 0.01 1.260539398e-05 7.500846859 -0.005608329824 0.2801687111 23.28711581 0.07233516641 2015-01-01 2023-12-31
communication-services T SPOT 2.755973314 -0.02696032034 0.0083257582 -0.001588064824 0.0003071692341 0.003842443097 5.008624677 0.03 0.01 6.638096565e-05 9.464103128 -0.0009056040521 0.2862070519 18.45638061 0.06578480632 2015-01-01 2023-12-31
communication-services FOXA GOOG 2.494923719 0.1871868131 0.02916825707 -0.005971187549 0.001233982072 0.0202571779 4.120135966 0.03 0.01 0.03009765585 6.838346643 0.002176410185 0.3222100496 25.54317565 0.08712615089 2015-01-01 2023-12-31
communication-services FOXA NWSA 1.912207703 0.486036715 0.006840632276 -0.002201321088 0.0007271480427 0.008630511798 2.452335832 0.03 0.01 0.004502025629 7.436836331 -0.02302577063 0.2849037762 23.48755327 0.07387357147 2015-01-01 2023-12-31
communication-services FOXA MGNI 3.124495347 0.1274962372 0.001752014694 -0.00069539932 0.0003221522195 0.01780547613 2.018894469 0.03 0.01 0.00530171713 7.193175123 -0.006271886242 0.3206201236 24.28316933 0.08453089409 2015-01-01 2023-12-31
communication-services FOXA LYV 1.156537766 0.4987746587 0.009206759345 -0.002037870062 0.0004576993342 0.005056015463 4.120291904 0.03 0.01 1.553864285e-05 17.46727863 -0.01116764956 0.3340712275 10.00001736 0.05652121005 2015-01-01 2023-12-31
communication-services FOXA GSAT 3.065034324 0.1043142196 0.00260882966 -0.0008102530436 0.0002693285519 0.007432849628 1.838599959 0.03 0.01 1.876739962e-05 14.28893713 -0.01706800396 0.460573949 12.22435846 0.08615577813 2015-01-01 2023-12-31
communication-services TTWO PINS 4.282346441 0.2096243292 0.004370860682 -0.001229212069 0.0003587251412 0.007181784402 3.127668063 0.03 0.01 0.01026911241 7.075822072 0.009661145144 0.3318067216 24.68590755 0.08820266959 2015-01-01 2023-12-31
communication-services TTWO SPOT 2.892113541 0.4098248491 0.01074708671 -0.002060736799 0.0004021096842 0.009887763704 5.008624677 0.03 0.01 3.958722844e-07 16.58891553 0.01334654758 0.3502160135 10.52950623 0.06080117951 2015-01-01 2023-12-31
communication-services MSGS SPOT 4.563790025 0.1169898067 0.00885047371 -0.001690105199 0.0003275807291 0.004901887176 5.008624677 0.03 0.01 1.433611639e-05 10.20250795 -0.002352255744 0.3021386952 17.12060313 0.06688640907 2015-01-01 2023-12-31
consumer-cyclical DHI TJX 0.6893724816 0.9284495567 0.0134909509 -0.003008531509 0.0006770135106 0.003854542498 3.446408882 0.03 0.01 3.180388641e-06 10.06853529 0.01581992385 0.3530441427 17.34841111 0.07867393351 2015-01-01 2023-12-31
consumer-cyclical GM CPNG 2.777370629 0.2392713426 0.002931656644 -0.0009958506159 0.0003523983692 0.003757028985 3.586164827 0.03 0.01 0.01157320279 10.55002747 -0.02629785403 0.3725646375 16.55664784 0.08110728012 2015-01-01 2023-12-31
consumer-cyclical GM IP 1.162598194 0.6645323923 0.006467675632 -0.001849702087 0.0005384199695 0.003695040324 3.318800892 0.03 0.01 3.5741961e-05 8.718208146 0.002611217217 0.3293950357 20.03543464 0.07888391111 2015-01-01 2023-12-31
consumer-cyclical GM SW 1.632943237 0.5211442568 0.0072439694 -0.002041667065 0.0005890972744 0.00781959806 2.896249764 0.03 0.01 1.14913768e-05 8.951029093 0.001494450115 0.4175551854 19.51430251 0.09868755723 2015-01-01 2023-12-31
consumer-cyclical YUM MCD 1.541747604 0.5841685905 0.02664255407 -0.00477897566 0.0008632655805 0.008825356554 4.450640996 0.03 0.01 5.255958974e-05 7.161508402 0.01211120896 0.1830290685 24.39054452 0.04836184032 2015-01-01 2023-12-31
consumer-cyclical YUM CPNG 4.961017382 -0.06045216361 0.002237759652 -0.000766408881 0.0002723920355 0.001822665249 3.586164827 0.03 0.01 0.0009203878462 16.2445868 -0.00144031277 0.2498126699 10.75269514 0.04382734159 2015-01-01 2023-12-31
consumer-cyclical YUM DRI 2.415628104 0.4797838592 0.0123225457 -0.002476647394 0.0005040186177 0.00596979028 3.836051713 0.03 0.01 6.792169296e-08 11.99117385 0.009282139174 0.2002937812 14.56680486 0.04089984081 2015-01-01 2023-12-31
consumer-cyclical YUM HLT 2.411422757 0.4674769615 0.01599024666 -0.003128745554 0.0006189762342 0.007707686457 3.87574125 0.03 0.01 2.835802056e-06 8.483572987 0.009437609971 0.2085549784 20.58956642 0.05063096015 2015-01-01 2023-12-31
consumer-cyclical CVNA ABNB -12.24171893 2.9096199 0.02694791281 -0.005484789875 0.001125318532 0.0130929035 5.085892685 0.03 0.01 0.4153901657 5.122162433 -0.1899722402 1.415145572 34.10143504 0.4421396322 2015-01-01 2023-12-31
consumer-cyclical CVNA DASH -6.198641658 1.833951993 0.008604357681 -0.001873187842 0.0004156069297 0.007148858931 5.094251795 0.03 0.01 0.08870320908 6.116043393 -0.1183639286 1.29934761 28.55981854 0.3715139068 2015-01-01 2023-12-31
consumer-cyclical EXPE IP 2.635321935 0.6231935878 0.009962605832 -0.002854466688 0.0008356615979 0.01282071958 3.318800892 0.03 0.01 0.0001759607604 4.972335291 0.008997314599 0.4370953374 35.12898453 0.1386056625 2015-01-01 2023-12-31
consumer-cyclical MCD NVR 0.2652479439 0.6053028657 0.03468316884 -0.003959429557 0.0004535257694 0.003269769372 7.365171865 0.03 0.01 1.263008877e-10 17.64169975 0.0007645639868 0.2536326346 9.901148528 0.04269921805 2015-01-01 2023-12-31
consumer-cyclical ABNB GPC 7.028690036 -0.4433381062 0.05531335007 -0.01132022094 0.002325711331 0.01279787733 4.602928885 0.03 0.01 0.02050500143 10.08311419 -0.0102852654 0.5747143154 17.32332752 0.1279792835 2015-01-01 2023-12-31
consumer-cyclical ABNB DASH 3.250805098 0.3646377587 0.01159334518 -0.00254235163 0.0005697130432 0.01655843306 5.094782791 0.03 0.01 0.01187836492 9.991131576 -0.00975815272 0.4482318042 17.48281345 0.1002721511 2015-01-01 2023-12-31
consumer-cyclical ABNB AZO 6.779253889 -0.2431126501 0.1004853502 -0.01278457505 0.001630008305 0.01239624032 7.237792421 0.03 0.01 0.03335767324 8.538773384 -0.007769696618 0.5434179435 20.45646156 0.1314986314 2015-01-01 2023-12-31
consumer-cyclical ABNB BBY 1.742753141 0.7537766686 0.04394701309 -0.01054539503 0.002544420176 0.01636063158 4.481171446 0.03 0.01 0.0120045759 9.974203202 0.003118459523 0.4922051909 17.51248555 0.1102026622 2015-01-01 2023-12-31
consumer-cyclical ABNB ULTA 4.983910219 -0.01965106586 0.09193318113 -0.01508886297 0.002483028878 0.01638381752 5.78418963 0.03 0.01 0.06610476964 7.391885753 -0.02526042307 0.5197725261 23.63038274 0.1351825702 2015-01-01 2023-12-31
consumer-cyclical ABNB AMZN 1.399478596 0.7062595229 0.03739900758 -0.007564699623 0.001539416334 0.0144342243 5.106191786 0.03 0.01 0.00224965144 12.96510118 -0.0142579134 0.5018306848 13.47255891 0.0985494625 2015-01-01 2023-12-31
consumer-cyclical ABNB CCL 3.788530383 0.404373734 0.004383535965 -0.00153925804 0.0005726065863 0.01658857383 3.182175092 0.03 0.01 0.002411108419 13.03169124 -0.0131306432 0.4729028946 13.40371608 0.09263104929 2015-01-01 2023-12-31
consumer-cyclical GPC DASH 5.428656224 -0.1264909471 0.01006391117 -0.002198951159 0.0004903464237 0.01114436814 5.094251795 0.03 0.01 0.02413730675 8.30179153 0.02313451943 0.2636511667 21.04040903 0.06470365113 2015-01-01 2023-12-31
consumer-cyclical TPR DASH 3.100872081 0.0765968259 0.01124117084 -0.002463133331 0.0005513678274 0.01521284349 5.094251795 0.03 0.01 0.06531015499 6.760813901 -0.007156816816 0.4173135697 25.83610377 0.1134874971 2015-01-01 2023-12-31
consumer-cyclical CPNG EBAY 0.4982976877 0.6261616577 0.02886165019 -0.007736863406 0.002089303732 0.01249249553 4.124225401 0.03 0.01 0.1503290177 5.360159818 -0.07770403636 0.6459020335 32.58729132 0.1972707904 2015-01-01 2023-12-31
consumer-cyclical CPNG RIVN 1.707775776 0.3721824547 0.002403517958 -0.0007184437195 0.0002345513791 0.01047610317 4.094721014 0.03 0.01 0.01701184954 13.87385262 0.04312410677 0.4919392811 12.59009262 0.09338948188 2015-01-01 2023-12-31
consumer-cyclical CPNG AZO 13.40194073 -1.348590379 0.1435178551 -0.01826436097 0.002327869139 0.01300229513 7.348282186 0.03 0.01 0.02006417245 11.22435844 -0.002803599676 0.8266925698 15.56196645 0.1744810527 2015-01-01 2023-12-31
consumer-cyclical CPNG IP -0.513982327 0.9774221154 0.05915521271 -0.01721890931 0.005041433463 0.03305704177 3.773444168 0.03 0.01 0.1893312788 4.625210517 -0.03482369016 0.6866005251 37.76543551 0.2257477244 2015-01-01 2023-12-31
consumer-cyclical CPNG BBY -2.396778122 1.258208472 0.06800770807 -0.01630137977 0.003927288563 0.0330343829 4.507807861 0.03 0.01 0.06376131637 6.649479031 -0.02513058962 0.7251966183 26.26868792 0.1988597834 2015-01-01 2023-12-31
consumer-cyclical CPNG SW 0.4100932436 0.6920990627 0.03137552351 -0.008923469063 0.002561485019 0.02338979708 3.787091109 0.03 0.01 0.04525166097 7.880523827 -0.08009966374 0.8411771258 22.16516228 0.2118824145 2015-01-01 2023-12-31
consumer-cyclical TSCO DASH 3.546587517 0.02962796207 0.01013219366 -0.002214241884 0.0004938690872 0.01135926758 5.094251795 0.03 0.01 0.0177074778 8.355746106 0.02434864232 0.2950685013 20.90454728 0.07217972704 2015-01-01 2023-12-31
consumer-cyclical TSCO RIVN 3.527867087 0.04922353826 0.001469523044 -0.000445671072 0.0001454458516 0.00277956076 4.094721014 0.03 0.01 3.28087535e-05 22.37105472 0.009172661001 0.270323717 7.807995272 0.04041344961 2015-01-01 2023-12-31
consumer-cyclical EBAY AMCR 1.255943756 0.6608663862 0.01673216005 -0.004479970351 0.001213935415 0.01123082693 3.468590126 0.03 0.01 0.0001216747761 6.154581861 0.01089704612 0.3180229018 28.38098403 0.09064505607 2015-01-01 2023-12-31
consumer-cyclical EBAY DASH 2.140609277 0.3495493228 0.009969348523 -0.002177782523 0.0004854716521 0.01085100523 5.094251795 0.03 0.01 0.00558579868 14.99552351 -0.01023379054 0.3086752738 11.64834888 0.05636454793 2015-01-01 2023-12-31
consumer-cyclical EBAY BBY 1.399839829 0.5545989387 0.009792969278 -0.002339719071 0.0005696027352 0.008693300489 3.182815639 0.03 0.01 5.322059873e-06 8.323948252 0.000976788012 0.295245674 20.98440358 0.07236088325 2015-01-01 2023-12-31
consumer-cyclical EBAY SW 2.116251964 0.4548229103 0.009076595864 -0.002557072128 0.0007385674745 0.01374675528 2.896249764 0.03 0.01 0.0005618937232 6.968027239 0.01286810718 0.3418828681 25.06779659 0.09158143008 2015-01-01 2023-12-31
consumer-cyclical AMCR NVR 1.296335848 0.2740610682 0.04488888551 -0.005137646719 0.0005905123924 0.008670399528 7.365171865 0.03 0.01 5.578609902e-05 10.84851259 -0.00704178138 0.2510306178 16.10110953 0.05389228507 2015-01-01 2023-12-31
consumer-cyclical AMCR HD 1.439010189 0.3962201334 0.02440022176 -0.004280607414 0.0007562864226 0.007519239241 4.568340916 0.03 0.01 2.585807391e-05 10.46697159 -0.008895940956 0.2519085153 16.68802557 0.05505760653 2015-01-01 2023-12-31
consumer-cyclical AMCR PKG 1.843394902 0.3710092335 0.01422118105 -0.00284093654 0.000573291181 0.005326996587 3.958969597 0.03 0.01 6.538481002e-06 12.29454636 -0.004600262833 0.2458781929 14.20736353 0.04958482221 2015-01-01 2023-12-31
consumer-cyclical TJX ORLY 2.189283421 0.54870996 0.007429571225 -0.001778922431 0.0004301953661 0.001340260204 2.819124097 0.03 0.01 3.501411692e-09 20.85516638 0.003691461189 0.2708202298 8.375530855 0.04193332257 2015-01-01 2023-12-31
consumer-cyclical TJX CASY 1.66970743 0.4998268565 0.01509651051 -0.002689955141 0.0004818008826 0.001628166122 4.616768912 0.03 0.01 1.866205221e-06 18.1054488 0.007359802959 0.2772730172 9.647542653 0.04607739979 2015-01-01 2023-12-31
consumer-cyclical DASH BBY -1.760639681 1.487570352 0.05442669 -0.01305586802 0.003148382739 0.0229124797 4.480825991 0.03 0.01 0.07788346052 5.933616894 -0.02853333555 0.673782753 29.43787788 0.1955893219 2015-01-01 2023-12-31
consumer-cyclical DASH SW 0.3614768231 1.163254469 0.02782661108 -0.007910648295 0.002270997931 0.02069644135 3.745032076 0.03 0.01 0.1136937341 8.723363391 -0.05466572297 0.8444735148 20.0235943 0.2021757456 2015-01-01 2023-12-31
consumer-cyclical DASH AMZN -2.423404396 1.396507766 0.04334858173 -0.008791303427 0.001793679268 0.01904718718 5.105602902 0.03 0.01 0.01991919213 8.630263947 -0.02555885841 0.6564448906 20.23959992 0.1580051474 2015-01-01 2023-12-31
consumer-cyclical DASH CCL 2.849831525 0.593190803 0.004221241138 -0.001480422632 0.0005498612184 0.01524016332 3.182066062 0.03 0.01 0.07560891351 7.091061074 -0.0786327674 0.6603758077 24.63285645 0.1753559652 2015-01-01 2023-12-31
consumer-cyclical DRI HLT 1.218193875 0.733993101 0.01928108136 -0.003783903839 0.0007514036061 0.01281402343 3.87574125 0.03 0.01 6.407919866e-06 6.376063895 0.01336639436 0.3333812065 27.39512846 0.09335762307 2015-01-01 2023-12-31
consumer-cyclical DRI MAR 0.7875959231 0.7869547962 0.01841664007 -0.0034718576 0.0006620586451 0.01132663367 4.203409741 0.03 0.01 8.719767111e-06 8.689550382 0.008607385665 0.3291755046 20.10151064 0.07896122172 2015-01-01 2023-12-31
consumer-cyclical DRI BKNG 1.298291218 0.7572504426 0.01186759223 -0.002445657683 0.0005099324687 0.005109894412 3.937605092 0.03 0.01 2.230508554e-08 10.42576832 0.007761384329 0.3604620886 16.75397766 0.07893880761 2015-01-01 2023-12-31
consumer-cyclical RIVN AZO 33.4654866 -3.893123921 2.823713934 -0.3629428441 0.04666647431 0.2481286387 7.588448597 0.03 0.01 0.02427324511 10.01202809 -0.0148777212 1.179320417 17.44632436 0.2635456122 2015-01-01 2023-12-31
consumer-cyclical RIVN ULTA 19.39282925 -2.667159649 1.434940375 -0.2360396369 0.03885381937 0.2543451335 5.957206676 0.03 0.01 0.1865862613 7.437342269 -0.2445725584 1.131646567 23.48595549 0.2934181188 2015-01-01 2023-12-31
consumer-cyclical HLT NVR 0.6712082702 0.5034256539 0.05344257533 -0.006127015647 0.0007057905662 0.01547216985 7.365171865 0.03 0.01 2.111377882e-05 6.987856777 0.03036339341 0.2891499516 24.99666136 0.07734569186 2015-01-01 2023-12-31
consumer-cyclical BURL BBY 1.133831916 0.9486242668 0.01281875793 -0.003055017071 0.0007440487968 0.01961949074 3.182815639 0.03 0.01 5.599308187e-05 6.914202432 -0.0006051254358 0.4478230962 25.2629412 0.120426051 2015-01-01 2023-12-31
consumer-cyclical NVR BKNG 5.431040269 0.6885660621 0.01235783833 -0.002548291435 0.000531813405 0.005797743682 3.937605092 0.03 0.01 5.008770699e-06 12.59176955 0.01782502303 0.3608533896 13.87200495 0.07190720495 2015-01-01 2023-12-31
consumer-cyclical NVR PKG 5.936437954 0.563544105 0.01838376851 -0.003687713258 0.0007487625902 0.01276181813 3.958969597 0.03 0.01 0.002148514013 6.663831551 0.03095752721 0.3303780618 26.21211058 0.09049700324 2015-01-01 2023-12-31
consumer-cyclical AZO ORLY 4.534843823 0.8022613663 0.006604290154 -0.001582287765 0.0003823332176 0.0007906587531 2.819124097 0.03 0.01 1.210878554e-13 23.74672853 0.00239595325 0.1864276148 7.355669614 0.02705162456 2015-01-01 2023-12-31
consumer-cyclical BBY SW 1.818311397 0.6681312529 0.01128599041 -0.003177846068 0.0009182293195 0.02272825996 2.896249764 0.03 0.01 0.0003078745298 8.684319822 0.03045664705 0.4649518115 20.11361777 0.1115642478 2015-01-01 2023-12-31
consumer-cyclical BBY AMZN 2.048489843 0.4266789741 0.01288397301 -0.002604203337 0.0005385686698 0.0198699378 3.388400599 0.03 0.01 0.0001473925579 5.788041608 0.01581313323 0.3612209218 30.17827122 0.1061676187 2015-01-01 2023-12-31
consumer-cyclical RL SW 3.206138772 0.4418468308 0.01294720939 -0.003644438735 0.001053057676 0.03059888154 2.896249764 0.03 0.01 0.005184351486 5.026763188 0.01741732264 0.4157617076 34.74862112 0.1311249322 2015-01-01 2023-12-31
consumer-cyclical SW NKE 0.5486360001 0.635908047 0.01740172631 -0.003744959137 0.0008153077759 0.01080258532 3.862325134 0.03 0.01 8.603065312e-05 13.23395294 0.01487493339 0.4578745048 13.1988598 0.08899931646 2015-01-01 2023-12-31
consumer-cyclical SW AMZN 2.615059309 0.1758946294 0.01096997583 -0.002207986291 0.0004530638831 0.01018926231 3.388400599 0.03 0.01 0.0002636966609 9.833683395 0.01927528508 0.4543378933 17.76273269 0.1024485583 2015-01-01 2023-12-31
consumer-cyclical SW WSM 2.094354598 0.3166916419 0.007875831355 -0.001772429679 0.0004078221643 0.007581742753 3.186291279 0.03 0.01 4.584629389e-05 13.10997258 0.006798248313 0.4723687939 13.32368077 0.09224977373 2015-01-01 2023-12-31
consumer-cyclical SW PKG 1.631592047 0.3731497702 0.01742292617 -0.003491859461 0.0007081138232 0.0108070962 3.958969597 0.03 0.01 0.0003123829638 10.19514617 0.01423165868 0.4545863594 17.13296568 0.1006710675 2015-01-01 2023-12-31
consumer-cyclical MAR BKNG 1.730849991 0.7399297832 0.01355893576 -0.002800172166 0.0005855907027 0.007641126041 3.937605092 0.03 0.01 9.920091174e-05 7.826025079 0.01324841129 0.2792085826 22.31951568 0.07057374249 2015-01-01 2023-12-31
consumer-cyclical MAR PKG 1.932100074 0.6759480743 0.01376599051 -0.002748664061 0.0005542276013 0.004692798119 3.958969597 0.03 0.01 4.008043702e-07 10.16074505 0.01080027513 0.3319588217 17.19097257 0.07363875533 2015-01-01 2023-12-31
consumer-cyclical BKNG PHM 2.392319464 0.5453094126 0.01033334909 -0.002327701758 0.0005372048369 0.01432899318 2.853571907 0.03 0.01 6.965108107e-06 8.606330644 -0.00253805323 0.3290631507 20.29588413 0.07931498387 2015-01-01 2023-12-31
consumer-cyclical BKNG PKG 1.410602995 0.6828494236 0.0164695283 -0.003297730521 0.0006678546214 0.009001639477 3.958969597 0.03 0.01 1.391344306e-07 10.54501576 0.007634537352 0.316178667 16.56451669 0.06884841551 2015-01-01 2023-12-31
consumer-cyclical ORLY CASY 0.6063906234 0.6340114658 0.01808204793 -0.003223693571 0.0005781757171 0.003071519609 4.616768912 0.03 0.01 5.997047867e-09 13.05521869 0.01117815323 0.285620606 13.37956059 0.05589622299 2015-01-01 2023-12-31
consumer-cyclical CASY SBUX 3.142035109 0.5390584308 0.01626458633 -0.003580618036 0.0007969021773 0.008412491911 3.782098148 0.03 0.01 1.386437525e-06 10.71432121 0.01203250996 0.2825423997 16.30276767 0.06103603317 2015-01-01 2023-12-31
consumer-defensive LW PFGC 1.56672533 0.7155571325 0.008097797843 -0.001932269404 0.000469866861 0.006234634534 3.355692729 0.03 0.01 0.0009482026606 11.57743118 0.001128383303 0.5109159953 15.08737878 0.1061764982 2015-01-01 2023-12-31
consumer-defensive BF-B EL 2.464628045 0.3122762297 0.00952026185 -0.001943458729 0.0004004540236 0.002211789548 4.312743936 0.03 0.01 1.011283092e-08 17.52783577 0.003509756616 0.2456236511 9.965468171 0.04148499452 2015-01-01 2023-12-31
consumer-defensive BF-B TAP 3.448825823 0.1343336685 0.00834715497 -0.002056232137 0.0005125346421 0.002763602768 4.200698158 0.03 0.01 5.066773608e-07 13.964588 0.008777185673 0.2622850325 12.50828807 0.04963001958 2015-01-01 2023-12-31
consumer-defensive BF-B ACI 4.05719515 -0.02207715526 0.005346118429 -0.001745634542 0.0005826462291 0.003724423109 2.342824685 0.03 0.01 0.00183655762 15.7989713 -0.009796468714 0.2429602158 11.05597866 0.04322208984 2015-01-01 2023-12-31
consumer-defensive BF-B DG 2.767348076 0.2550133765 0.009653969552 -0.002005076889 0.00042071552 0.002695291861 4.179236854 0.03 0.01 4.715881755e-08 15.64439714 0.007030578552 0.2556849013 11.16521704 0.04570994186 2015-01-01 2023-12-31
consumer-defensive PFGC WMT 1.850430148 0.586187967 0.0102956079 -0.002602081089 0.000664711046 0.003169607219 2.987694752 0.03 0.01 5.217677629e-06 12.96865076 0.00842739607 0.5531797445 13.46887142 0.1086185183 2015-01-01 2023-12-31
consumer-defensive PFGC CHD 1.17297184 0.6630160998 0.01474830155 -0.003265622502 0.000728468799 0.003238106239 3.728035786 0.03 0.01 7.402589214e-05 13.9079677 0.0073530531 0.5777417071 12.55921018 0.1095435688 2015-01-01 2023-12-31
consumer-defensive PFGC HSY 0.6999674712 0.6650077658 0.02032191184 -0.003910888737 0.0007576172701 0.00477267299 4.363106512 0.03 0.01 0.0001039218678 11.43414552 0.01064801705 0.5379905463 15.27644451 0.1125013642 2015-01-01 2023-12-31
consumer-defensive PFGC DLTR 1.866047271 0.470441658 0.01425139552 -0.002931811699 0.0006098480984 0.006913526582 4.37174322 0.03 0.01 3.710961012e-05 10.68046211 0.01909101963 0.5461439564 16.35445056 0.1181672456 2015-01-01 2023-12-31
consumer-defensive PFGC BJ 4.119423574 -0.0006184560108 0.01971135746 -0.00464289028 0.00110761016 0.01599695462 3.229364322 0.03 0.01 0.001544562021 8.572044999 0.05103470827 0.6520088392 20.37706166 0.1574694333 2015-01-01 2023-12-31
consumer-defensive PFGC KDP 1.070051829 0.9091491674 0.01336707006 -0.003929867097 0.001168598161 0.006028970264 2.447757501 0.03 0.01 6.181761064e-05 10.47486896 0.007032112705 0.5209058942 16.67544388 0.1138072618 2015-01-01 2023-12-31
consumer-defensive PFGC MNST 1.623086924 0.7624670895 0.00780846162 -0.002331788472 0.0007075489439 0.004136468819 2.489895346 0.03 0.01 5.2941384e-05 12.40829541 0.007590671954 0.5312546392 14.0771221 0.1066428334 2015-01-01 2023-12-31
consumer-defensive PFGC STZ -0.1717039256 0.7996139404 0.01608865947 -0.002957983132 0.0005469830192 0.002423584185 4.925500123 0.03 0.01 5.576968144e-05 16.77205175 0.01013674686 0.5197836705 10.41453318 0.0897458834 2015-01-01 2023-12-31
consumer-defensive PFGC KO -2.134105009 1.582631881 0.0146495316 -0.00366507776 0.000922625198 0.002307459606 3.462845831 0.03 0.01 0.0001379704797 21.23153539 0.003154693117 0.5446623862 8.227058773 0.08358371798 2015-01-01 2023-12-31
consumer-defensive PFGC COST 0.4229091792 0.5851795722 0.03337049872 -0.005246658777 0.0008288727403 0.006068722177 4.908482609 0.03 0.01 0.000106260016 10.25919331 -0.003085574463 0.5406665306 17.02600626 0.1193597448 2015-01-01 2023-12-31
consumer-defensive PFGC CL -0.5070205436 1.091014246 0.02103046458 -0.004902434983 0.001148508058 0.003132259985 4.020301744 0.03 0.01 0.0001317378745 14.01796941 0.01293042134 0.5564831285 12.46065564 0.1050979997 2015-01-01 2023-12-31
consumer-defensive PFGC CELH 3.375336758 0.1993864997 0.002113964658 -0.0005119877451 0.0001382298949 0.005307541608 -0.09440833884 0.03 0.01 5.476895072e-05 11.56896409 0.004970878494 0.5345159556 15.09842092 0.111121588 2015-01-01 2023-12-31
consumer-defensive PFGC ACI 3.082788639 0.3409999753 0.01203605319 -0.003938913913 0.001323733389 0.027033017 2.342824685 0.03 0.01 0.1186879782 4.854262158 0.004597824858 0.388339732 35.98344791 0.1246336217 2015-01-01 2023-12-31
consumer-defensive PFGC PG -0.07770009925 0.8569476908 0.02463784071 -0.004985083413 0.001014035375 0.004636059611 4.171847284 0.03 0.01 0.0001294577305 12.08508774 0.009745116946 0.5499431002 14.45360541 0.1118607833 2015-01-01 2023-12-31
consumer-defensive PFGC PEP -1.190541599 1.063511671 0.02549514415 -0.005061887226 0.001009439006 0.003464863403 4.357038425 0.03 0.01 0.0001417712895 13.23446484 0.006013721731 0.5333098359 13.19834928 0.1036600475 2015-01-01 2023-12-31
consumer-defensive PFGC MDLZ -0.4099026654 1.09252493 0.03155489667 -0.007560580768 0.001820965647 0.007357725267 3.52759034 0.03 0.01 0.0003743713222 10.30969569 0.01101080913 0.5299963847 16.94260381 0.1167172337 2015-01-01 2023-12-31
consumer-defensive PFGC COKE 3.120940174 0.2384047387 0.007547319403 -0.001750466318 0.0004155098166 0.007171312478 2.807560802 0.03 0.01 8.259889109e-05 9.33798024 0.01734059876 0.5394470833 18.70566065 0.1248266675 2015-01-01 2023-12-31
consumer-defensive WMT MNST 3.280751064 0.1964890307 0.01093921271 -0.003268412112 0.0009922343935 0.007948895513 2.446744379 0.03 0.01 8.097986605e-05 8.735592774 0.02539028534 0.2152142665 19.99556229 0.05148845605 2015-01-01 2023-12-31
consumer-defensive WMT CL 1.496304919 0.5712685968 0.03524131665 -0.008235609768 0.001933525088 0.007523965801 3.981633766 0.03 0.01 9.669312896e-07 9.58158389 0.02160473921 0.2056370625 18.23008508 0.04697510294 2015-01-01 2023-12-31
consumer-defensive WMT ACI 3.509676023 0.1396901191 0.004878942969 -0.001593328941 0.0005315562099 0.00294025512 2.342824685 0.03 0.01 0.0002065466247 13.32008493 0.005611816843 0.2036281113 13.11351169 0.03945201942 2015-01-01 2023-12-31
consumer-defensive EL DG 2.670286488 0.4598917 0.009980007157 -0.002072546222 0.0004348775702 0.002949131441 4.179236854 0.03 0.01 1.490444696e-07 12.26139891 0.005216567069 0.3315703391 14.24577169 0.06695617943 2015-01-01 2023-12-31
consumer-defensive SFM ELF 3.234300997 0.1088042859 0.006325618689 -0.001310084158 0.0002807321759 0.01037496891 3.141518028 0.03 0.01 0.0003600366198 9.17076118 0.02632282559 0.3981297102 19.04673844 0.0929623081 2015-01-01 2023-12-31
consumer-defensive PRMB ELF 2.404543632 0.03828191703 0.006125736054 -0.001267278201 0.0002707789372 0.008745860324 3.141518028 0.03 0.01 2.170631281e-05 8.240372116 -0.004408268313 0.4171906506 21.19723321 0.1027652203 2015-01-01 2023-12-31
consumer-defensive PRMB CHD -0.9155254698 0.7784725959 0.02472190956 -0.005473914846 0.001222429771 0.01174618721 3.663280217 0.03 0.01 0.000908966485 7.47792384 -0.02396971626 0.4195052605 23.35850073 0.1084755584 2015-01-01 2023-12-31
consumer-defensive PRMB BJ 1.945429292 0.1528850231 0.01344315951 -0.00317241499 0.0007574630082 0.006362724068 3.229364322 0.03 0.01 8.06198873e-05 9.763741797 0.004794638731 0.3921560078 17.88997427 0.08874333221 2015-01-01 2023-12-31
consumer-defensive PRMB KDP 0.2040555382 0.7021890431 0.01636958387 -0.004788868253 0.001424894151 0.01935432206 2.376089831 0.03 0.01 0.0001093454304 5.6831894 -0.0213348679 0.3528697239 30.73504633 0.1046654476 2015-01-01 2023-12-31
consumer-defensive PRMB CLX -0.6231710942 0.6610059673 0.03524581834 -0.007236954942 0.001496961785 0.01879317096 4.477143246 0.03 0.01 0.001930720448 6.614095976 -0.004923471328 0.4077588566 26.40921603 0.1121122733 2015-01-01 2023-12-31
consumer-defensive PRMB MNST -0.2650981854 0.8598143365 0.01917050786 -0.005735864019 0.001743635612 0.02396101936 2.446744379 0.03 0.01 1.280746658e-05 8.773685222 -0.02978744487 0.3751157238 19.90874816 0.089548692 2015-01-01 2023-12-31
consumer-defensive PRMB STZ -1.972436077 0.8394460104 0.02632472496 -0.004828684295 0.0008926663772 0.01145899934 4.775388827 0.03 0.01 2.243384406e-05 10.15936132 -0.009776853785 0.3595264383 17.19331403 0.07975953831 2015-01-01 2023-12-31
consumer-defensive PRMB KO -1.970944992 1.142648507 0.0476818196 -0.01192869245 0.00300114654 0.01978830687 3.41267739 0.03 0.01 0.005569116074 7.251855916 -0.03060202319 0.389498697 24.08667402 0.1022742793 2015-01-01 2023-12-31
consumer-defensive PRMB COST 0.0790451357 0.3965437406 0.06217374053 -0.009863581778 0.001574118858 0.03171225027 4.851537708 0.03 0.01 0.0009637782193 5.410599221 -0.03772207794 0.3481323933 32.28350176 0.1058295026 2015-01-01 2023-12-31
consumer-defensive PRMB DAR 1.609781648 0.2417759244 0.01124293658 -0.002771333784 0.0007097597087 0.04126714296 2.576643111 0.03 0.01 0.0005770951163 5.072783548 0.002291228562 0.313418117 34.43338117 0.09839792346 2015-01-01 2023-12-31
consumer-defensive PRMB SYY -0.1791174782 0.6595978232 0.01800814895 -0.004263082185 0.001025285447 0.02163613674 3.515067489 0.03 0.01 0.001230281333 6.544422106 -0.007212921505 0.3075126027 26.69037643 0.08499869729 2015-01-01 2023-12-31
consumer-defensive PRMB PM -0.9924744193 0.8094846014 0.02446462592 -0.005501600702 0.001249991421 0.01746916998 3.984476327 0.03 0.01 3.52144857e-05 7.06572038 0.002197973743 0.33876762 24.7212004 0.09011740386 2015-01-01 2023-12-31
consumer-defensive PRMB CL -2.872282735 1.280533078 0.07635643545 -0.01788775568 0.004206256702 0.02301543384 3.981633766 0.03 0.01 0.0003912309197 7.884606354 -0.00205458295 0.4130752834 22.15368551 0.1040217615 2015-01-01 2023-12-31
consumer-defensive PRMB CELH 2.110642862 0.1193818016 0.002575721838 -0.0005949624721 0.000172922905 0.03054332638 -0.3886613066 0.03 0.01 4.679090798e-06 8.680163157 -0.01798297285 0.3401935055 20.12324957 0.08164828678 2015-01-01 2023-12-31
consumer-defensive PRMB ACI 1.64540413 0.3167798128 0.004819987079 -0.001574109532 0.0005251112008 0.002848713944 2.342824685 0.03 0.01 0.0003545304626 14.43924291 -0.01210426966 0.3030878419 12.0971086 0.05640028601 2015-01-01 2023-12-31
consumer-defensive PRMB USFD 1.281620778 0.3488987263 0.009993405264 -0.002631722131 0.000711132691 0.01806475523 3.306522503 0.03 0.01 4.020243468e-05 8.333803723 0.0002677300978 0.3035037895 20.95958764 0.07434084381 2015-01-01 2023-12-31
consumer-defensive PRMB MKC -0.3224282512 0.6944896168 0.01532226356 -0.00363049251 0.0008711735155 0.01014948486 3.579352108 0.03 0.01 0.001188580683 7.438339231 -0.01214822374 0.3995720972 23.48280766 0.1035958039 2015-01-01 2023-12-31
consumer-defensive PRMB PG 0.1086036599 0.5009046255 0.06467936573 -0.01309656055 0.002666964645 0.03557218432 4.118142705 0.03 0.01 0.004432595044 4.707470331 -0.004119707296 0.3379993461 37.10551044 0.1101557233 2015-01-01 2023-12-31
consumer-defensive PRMB TSN 0.622298305 0.512377134 0.0100550814 -0.00257997408 0.0006757621137 0.01196493779 3.723103267 0.03 0.01 3.39304893e-05 6.61558939 0.00957310868 0.3221656887 26.40325438 0.08856864825 2015-01-01 2023-12-31
consumer-defensive CHD BJ 3.769700134 0.1713123348 0.01875653087 -0.004419171363 0.001054370575 0.01417650824 3.229364322 0.03 0.01 0.04477610538 6.550394167 0.01329807579 0.2500353692 26.66604254 0.06908006411 2015-01-01 2023-12-31
consumer-defensive CHD KDP 2.778944503 0.5078717044 0.007023486394 -0.002060154669 0.0006122064738 0.002178787108 2.376089831 0.03 0.01 1.881859868e-06 14.25763601 0.003356019766 0.2375120068 12.25119573 0.04447815967 2015-01-01 2023-12-31
consumer-defensive HSY KO 1.755056151 0.8640768751 0.02432110206 -0.006088478236 0.001533789742 0.006450094222 3.41267739 0.03 0.01 0.0002040918148 8.969078866 0.009093560424 0.1841098921 19.47503106 0.04346985627 2015-01-01 2023-12-31
consumer-defensive HSY CL 1.563329418 0.8466100306 0.02455066417 -0.005728093479 0.001343098644 0.004208482187 3.981633766 0.03 0.01 0.0005701882963 8.948067264 0.01028330454 0.2000237464 19.52076179 0.04728266419 2015-01-01 2023-12-31
consumer-defensive HSY PEP 0.5758662011 0.9155499847 0.02795572985 -0.005549341546 0.001106567001 0.004337365947 4.285018508 0.03 0.01 9.295185776e-06 10.53377621 0.00394929043 0.1737050538 16.58219105 0.03784473012 2015-01-01 2023-12-31
consumer-defensive HSY MDLZ 2.769142458 0.5830107419 0.02189120513 -0.005237424107 0.0012623223 0.007080257336 3.484390857 0.03 0.01 0.01136907333 5.792649434 0.01159250339 0.1726449752 30.15426559 0.05072246158 2015-01-01 2023-12-31
consumer-defensive DLTR BJ 3.615809862 0.2871241933 0.01687059858 -0.00397698343 0.0009491104138 0.01098315831 3.229364322 0.03 0.01 0.0009662425046 8.210778322 0.002071389708 0.3971009207 21.27363359 0.09799270195 2015-01-01 2023-12-31
consumer-defensive DLTR MNST 3.440501625 0.4167173784 0.01012999562 -0.003026676527 0.0009187838379 0.006759623441 2.446744379 0.03 0.01 7.173254445e-06 8.309892804 0.003871743841 0.3548773626 21.01989684 0.08704936116 2015-01-01 2023-12-31
consumer-defensive DLTR KO 1.956624513 0.7201977845 0.02497016309 -0.006250957026 0.001574687305 0.006750913166 3.41267739 0.03 0.01 6.668960934e-06 8.556593799 0.005097180514 0.3520085296 20.41385785 0.08509180409 2015-01-01 2023-12-31
consumer-defensive DLTR COST 2.322716452 0.393473497 0.03526554065 -0.005550906815 0.0008782135677 0.007588309682 4.851537708 0.03 0.01 5.604646904e-05 7.762512376 -0.00109010914 0.3414517033 22.50213347 0.08665889218 2015-01-01 2023-12-31
consumer-defensive DLTR SJM 2.429975206 0.5094438411 0.01862728823 -0.003945952588 0.0008422552761 0.005646655244 4.495748551 0.03 0.01 1.587693234e-06 9.391886053 0.0113149408 0.3595769115 18.59829735 0.08296604591 2015-01-01 2023-12-31
consumer-defensive DLTR CL 1.532780187 0.7708471042 0.03088378092 -0.007213348322 0.001692821525 0.006126396579 3.981633766 0.03 0.01 2.25920666e-06 8.934784146 0.008272814317 0.3548356567 19.54978281 0.08394024344 2015-01-01 2023-12-31
consumer-defensive DLTR PEP 1.849424381 0.5907826785 0.03634382489 -0.007208010854 0.001436027021 0.007247046558 4.285018508 0.03 0.01 1.159267385e-05 7.957603521 0.006738386909 0.3460668489 21.95046399 0.08674687772 2015-01-01 2023-12-31
consumer-defensive DLTR COKE 4.219224742 0.1413277702 0.007382989901 -0.001713837728 0.0004083549163 0.008322406463 2.637775952 0.03 0.01 1.76668908e-05 7.956179386 0.01175892669 0.3606826772 21.95439306 0.09041864689 2015-01-01 2023-12-31
consumer-defensive DLTR ADM 3.657105885 0.2762454964 0.01425930815 -0.003353778331 0.0007988227176 0.008589446386 3.451198819 0.03 0.01 2.630047368e-05 7.946664736 0.01260042083 0.3621841569 21.98067935 0.09084938791 2015-01-01 2023-12-31
consumer-defensive BJ KDP 3.247614541 0.284984546 0.0160665938 -0.004719966133 0.001399971591 0.006680959033 3.083678135 0.03 0.01 0.0136812403 10.85876937 0.03762507287 0.3968845425 16.08590103 0.08516455513 2015-01-01 2023-12-31
consumer-defensive BJ MNST 3.106612817 0.3330004881 0.01411103045 -0.004228704255 0.001280717224 0.006078393455 2.676699277 0.03 0.01 0.008368964349 10.33530086 0.02504538913 0.3966128092 16.9006294 0.08723488178 2015-01-01 2023-12-31
consumer-defensive BJ STZ 3.422378292 0.1450961432 0.03335072811 -0.00612655896 0.00113057298 0.006475903995 5.138641276 0.03 0.01 0.009281670785 10.61905438 0.03600868241 0.4006104505 16.44902487 0.08692893405 2015-01-01 2023-12-31
consumer-defensive BJ BG 3.909861366 0.0654792081 0.01440862664 -0.003130177929 0.0006874757071 0.006630327241 3.827263696 0.03 0.01 0.0127675161 10.78653736 0.03744306051 0.4052110376 16.19362022 0.08724192561 2015-01-01 2023-12-31
consumer-defensive BJ KO 4.724925742 -0.1296830595 0.0246697423 -0.00617219836 0.001553846855 0.006596289639 3.659083862 0.03 0.01 0.009985589538 12.12418441 0.04146254061 0.4177736577 14.40699709 0.08483982969 2015-01-01 2023-12-31
consumer-defensive BJ SJM 2.687877282 0.3241907816 0.03305120883 -0.007016876042 0.001496434781 0.006287690995 4.446777269 0.03 0.01 0.01080648033 10.17405326 0.03217056937 0.3877836241 17.16848586 0.08596614736 2015-01-01 2023-12-31
consumer-defensive BJ PM 4.220272744 -0.00246638919 0.03078471145 -0.006952578121 0.001578096765 0.006677857749 4.013307132 0.03 0.01 0.01336877085 11.09372399 0.03921362921 0.409359403 15.74521681 0.08690626679 2015-01-01 2023-12-31
consumer-defensive BJ CL 2.87827837 0.3120382523 0.03809679715 -0.008904230434 0.002089049821 0.005919726075 4.033659772 0.03 0.01 0.01120917615 10.38883562 0.03199854887 0.3939089397 16.81353867 0.08641664511 2015-01-01 2023-12-31
consumer-defensive BJ CELH 3.572754648 0.1590976258 0.00244319512 -0.0005946479203 0.0001595275563 0.006421764084 0.2853438415 0.03 0.01 0.0003555652439 13.29833857 0.007178831876 0.4149525755 13.13495581 0.0804608792 2015-01-01 2023-12-31
consumer-defensive BJ ACI 3.178057672 0.3411798585 0.00504409618 -0.001647168926 0.000549612932 0.003205389729 2.342824685 0.03 0.01 9.45737938e-05 19.45696231 0.01113601874 0.3440339051 8.977408022 0.05515040785 2015-01-01 2023-12-31
consumer-defensive BJ PEP 3.091104744 0.2223892584 0.03740483607 -0.00741716193 0.001476824481 0.006557454546 4.559115766 0.03 0.01 0.01537598101 10.6639435 0.03602831832 0.4004558344 16.37978386 0.08671230084 2015-01-01 2023-12-31
consumer-defensive BJ ADM 2.996105825 0.28786565 0.01650104529 -0.003890853541 0.0009260595294 0.006450027006 3.551883793 0.03 0.01 0.006884834687 10.76130188 0.02920779852 0.4013360933 16.2315946 0.08650890478 2015-01-01 2023-12-31
consumer-defensive BJ KR 2.865732867 0.3590184293 0.01483095506 -0.003932161976 0.001053611788 0.006671036309 3.111103739 0.03 0.01 0.009587260751 10.62843421 0.03199196341 0.388652357 16.43450823 0.08429691163 2015-01-01 2023-12-31
consumer-defensive PPC ACI 1.180502163 0.6278862985 0.006888917938 -0.002249030752 0.0007518419175 0.007124119682 2.342824685 0.03 0.01 0.006883887855 8.424005078 -0.02355698514 0.3879230444 20.73515957 0.09450858734 2015-01-01 2023-12-31
consumer-defensive KDP ACI 2.301791079 0.359234173 0.003457896767 -0.001129956049 0.0003761564351 0.001144318252 2.342824685 0.03 0.01 0.0001820319262 15.54956618 -0.00783325795 0.2371875519 11.2333095 0.04253219106 2015-01-01 2023-12-31
consumer-defensive GIS SJM 0.8809244246 0.6772872494 0.01141861014 -0.002428284835 0.0005195863973 0.001439495302 4.495748551 0.03 0.01 1.604003908e-09 13.95914754 0.00259559159 0.1770185969 12.51316307 0.03350228644 2015-01-01 2023-12-31
consumer-defensive INGR MO 1.535716431 0.8572618333 0.009693987685 -0.002721484243 0.0007758840236 0.006279664088 3.378998145 0.03 0.01 4.275095732e-07 9.937771887 0.002956992565 0.3036600531 17.57668535 0.06811270906 2015-01-01 2023-12-31
consumer-defensive MO ACI 2.321081782 0.394011987 0.005367306446 -0.001752542762 0.0005849643822 0.003762536919 2.342824685 0.03 0.01 0.005568385793 9.546046913 -0.0125832791 0.2337699986 18.29795004 0.05350101165 2015-01-01 2023-12-31
consumer-defensive CLX TAP 3.895719324 0.2319848756 0.008243690037 -0.002031018046 0.0005062489239 0.002636099603 4.200698158 0.03 0.01 1.396397741e-06 11.13479385 0.008932766756 0.261483595 15.68714175 0.05541002664 2015-01-01 2023-12-31
consumer-defensive CLX ACI 5.698227079 -0.2897529443 0.004692714475 -0.001532619089 0.0005111989312 0.002656550527 2.342824685 0.03 0.01 0.0002715932315 14.97649625 -0.0006448161717 0.3146109755 11.66314781 0.05748489737 2015-01-01 2023-12-31
consumer-defensive MNST COST 1.213104719 0.329861117 0.03115825451 -0.004896934232 0.0007734715936 0.005646662966 4.851537708 0.03 0.01 7.508880841e-07 8.536327413 0.005868467214 0.2454488357 20.46232309 0.05940328286 2015-01-01 2023-12-31
consumer-defensive MNST DAR 2.615160401 0.1788204625 0.006134554326 -0.00155786349 0.0004065929345 0.006656825359 2.576643111 0.03 0.01 6.16201357e-08 10.37596216 0.01847050743 0.2624988704 16.83439924 0.05762331664 2015-01-01 2023-12-31
consumer-defensive MNST CL -0.1200626601 0.80419717 0.02878715469 -0.006721572647 0.001577026585 0.005475726927 3.981633766 0.03 0.01 1.652109611e-07 12.48539796 0.0155701123 0.2436540125 13.99018999 0.04875929022 2015-01-01 2023-12-31
consumer-defensive MNST CELH 2.720927224 0.1494348234 0.00205284312 -0.0004932899713 0.0001342907118 0.005969413013 -0.3886613066 0.03 0.01 9.925814435e-09 13.7049647 0.006440553754 0.2608410562 12.74524184 0.0498220957 2015-01-01 2023-12-31
consumer-defensive MNST PEP 0.08435120542 0.6416984087 0.0320898169 -0.006367134731 0.001269083631 0.005710834171 4.285018508 0.03 0.01 1.374079695e-06 9.460981042 0.01217374638 0.227269336 18.46247115 0.052246567 2015-01-01 2023-12-31
consumer-defensive MNST MDLZ 0.531383044 0.6680549938 0.01798682883 -0.004301915008 0.001036617854 0.004938390744 3.484390857 0.03 0.01 4.166299622e-07 10.49173065 0.01058514101 0.2289713953 16.6486441 0.04998534185 2015-01-01 2023-12-31
consumer-defensive STZ SYY 2.703018435 0.6509472236 0.01010571225 -0.00239796475 0.0005764017011 0.004637325189 3.515067489 0.03 0.01 7.920891234e-06 13.00298051 0.002724321906 0.2685719346 13.43331164 0.05266525288 2015-01-01 2023-12-31
consumer-defensive STZ ACI 4.4391523 0.3262927986 0.005773173103 -0.00188489174 0.0006293934465 0.004537160381 2.342824685 0.03 0.01 0.02251169671 7.61674413 -0.009342436648 0.2442162059 22.93277633 0.06257124534 2015-01-01 2023-12-31
consumer-defensive BG ACI 2.138223384 0.8078067709 0.0103441721 -0.003381523306 0.001134611422 0.0192675584 2.342824685 0.03 0.01 0.05473865849 5.952680206 -0.02125908062 0.3979925106 29.3436038 0.1153462888 2015-01-01 2023-12-31
consumer-defensive KO COST 1.884617244 0.3278085982 0.01994732115 -0.003117265505 0.0004892769219 0.001780963357 4.851537708 0.03 0.01 3.679991188e-09 14.36879482 -0.0007867079974 0.1822432057 12.15641894 0.03399587132 2015-01-01 2023-12-31
consumer-defensive KO ACI 3.423532921 0.1839482935 0.004540518521 -0.001483002922 0.0004945634332 0.002436334472 2.342824685 0.03 0.01 0.002394565924 11.05134825 0.001497152279 0.169024752 15.80559092 0.03595238263 2015-01-01 2023-12-31
consumer-defensive KO PEP 0.4395495142 0.705742425 0.01606624665 -0.003192226124 0.0006367795053 0.001125750386 4.285018508 0.03 0.01 4.337657692e-09 16.85331108 0.001474778456 0.1339586607 10.36431884 0.02307348424 2015-01-01 2023-12-31
consumer-defensive KO MDLZ 1.729537343 0.5401228653 0.01199480521 -0.002866051536 0.0006897580276 0.002057779173 3.484390857 0.03 0.01 8.199406471e-08 15.16843319 0.003873762955 0.1538993029 11.51556574 0.02794160143 2015-01-01 2023-12-31
consumer-defensive COST CL 3.549661751 0.6604000417 0.02029187504 -0.004729783038 0.001108037511 0.003006870805 3.981633766 0.03 0.01 1.186309077e-07 11.05055268 0.02398344676 0.2143545937 15.80672882 0.04559590053 2015-01-01 2023-12-31
consumer-defensive COST PEP 2.490991941 0.7769784557 0.01827491784 -0.003630811159 0.00072439163 0.001624590182 4.285018508 0.03 0.01 2.704735498e-09 13.82268409 0.01315187802 0.2063596492 12.63669837 0.03924764403 2015-01-01 2023-12-31
consumer-defensive COST MDLZ 4.051404898 0.5577136417 0.01400181961 -0.003347076132 0.0008060542456 0.002957641184 3.484390857 0.03 0.01 2.832086818e-07 9.906529101 0.02029341235 0.2032216605 17.63211794 0.04565561929 2015-01-01 2023-12-31
consumer-defensive HRL DG 1.939199789 0.3097684701 0.02253799904 -0.004591689064 0.0009471474534 0.02059671599 4.179236854 0.03 0.01 1.991512101e-05 7.859525599 -0.006149536039 0.2196026373 22.22438076 0.05538911005 2015-01-01 2023-12-31
consumer-defensive SJM PM 2.575680526 0.4764204018 0.01218644822 -0.002744872567 0.000623382403 0.00286186516 3.984476327 0.03 0.01 5.726051092e-07 11.38428567 0.0001461101144 0.244165988 15.34335088 0.05117021913 2015-01-01 2023-12-31
consumer-defensive SJM CELH 4.532847204 0.03627568077 0.002165649595 -0.00051591608 0.000142030823 0.00879763332 -0.3886613066 0.03 0.01 9.275766871e-06 10.18193686 -0.00371468892 0.2538220746 17.15519277 0.05624697774 2015-01-01 2023-12-31
consumer-defensive SJM ADM 4.332251243 0.0899999762 0.01672726414 -0.003929411447 0.0009350035316 0.01221216725 3.451198819 0.03 0.01 0.001079102109 8.780923051 0.008292492909 0.2537802687 19.89233802 0.06055817371 2015-01-01 2023-12-31
consumer-defensive KMB ACI 5.022476435 -0.1136770336 0.004228470373 -0.001381267655 0.0004604547908 0.002016183048 2.342824685 0.03 0.01 0.001265819639 12.40322838 0.003295626913 0.199816177 14.08287296 0.0401188317 2015-01-01 2023-12-31
consumer-defensive KMB DG 3.57681058 0.2316848034 0.01395780234 -0.002886516338 0.0006037872299 0.00688564099 4.179236854 0.03 0.01 2.10716773e-07 10.3709069 -9.233785537e-05 0.2059195086 16.8426051 0.04521412469 2015-01-01 2023-12-31
consumer-defensive KMB MKC 2.595772956 0.5035450907 0.007948428937 -0.001905178283 0.0004615555069 0.002012701911 3.579352108 0.03 0.01 1.147750012e-11 17.6363425 -0.002061920935 0.1948979296 9.904156119 0.0328161755 2015-01-01 2023-12-31
consumer-defensive KMB PG 1.514176219 0.643984156 0.02673893663 -0.005409389784 0.001100468192 0.005941739819 4.118142705 0.03 0.01 1.175193024e-07 11.77663619 -0.006353018303 0.1578350698 14.83217166 0.03252204747 2015-01-01 2023-12-31
consumer-defensive KMB MDLZ 1.858555293 0.6801518303 0.01959795611 -0.004687929102 0.001129762018 0.005799903963 3.484390857 0.03 0.01 5.182805745e-09 15.78010197 -0.005141958046 0.1771200029 11.06919904 0.03152809353 2015-01-01 2023-12-31
consumer-defensive DAR CL -1.311468827 1.240545709 0.0813684505 -0.01906488485 0.004483435228 0.02513499503 3.981633766 0.03 0.01 0.02753457201 3.648761484 0.05019943659 0.4222689859 47.87188482 0.1563152862 2015-01-01 2023-12-31
consumer-defensive DAR ACI 1.859946669 0.7214113229 0.0166292252 -0.00546128801 0.001842059555 0.05201815915 2.342824685 0.03 0.01 0.03140835201 6.80565409 -0.1262896792 0.5158506254 25.66587828 0.1398215228 2015-01-01 2023-12-31
consumer-defensive SYY ACI 3.181949133 0.3301879866 0.008188467403 -0.002674030454 0.0008951793864 0.01100072996 2.342824685 0.03 0.01 0.01364878893 7.626906791 -0.02567361251 0.2596515345 22.90221898 0.06648163266 2015-01-01 2023-12-31
consumer-defensive PM ACI 3.267510465 0.3796222742 0.005166272009 -0.001686999509 0.0005629735668 0.003409947734 2.342824685 0.03 0.01 0.0005104079614 9.214197895 -0.007699809149 0.2394799602 18.95695008 0.05578602431 2015-01-01 2023-12-31
consumer-defensive CL CELH 4.090718063 0.04934493215 0.001841476526 -0.0004488052577 0.000120094072 0.00278213646 -0.3886613066 0.03 0.01 1.328827064e-10 19.96251942 0.0008008939954 0.2046826157 8.750052326 0.0323935306 2015-01-01 2023-12-31
consumer-defensive CL ACI 4.171031744 0.03503170653 0.004248678441 -0.001387856387 0.0004626638339 0.002042154041 2.342824685 0.03 0.01 0.0003080758831 14.6123162 -0.0005668027332 0.1805392457 11.95382628 0.03339620321 2015-01-01 2023-12-31
consumer-defensive CL DG 3.267901852 0.2106154947 0.00915391426 -0.001901388343 0.0003989066011 0.002327080606 4.179236854 0.03 0.01 6.667967562e-10 17.37152313 0.002143395347 0.1946997108 10.05513956 0.03303173298 2015-01-01 2023-12-31
consumer-defensive CL PG 1.33986683 0.5983810349 0.01395494939 -0.002828492409 0.0005759288118 0.001124505784 4.118142705 0.03 0.01 1.771834123e-08 19.68016036 -0.001443439544 0.1464848385 8.875592795 0.02334873533 2015-01-01 2023-12-31
consumer-defensive CL PEP 0.8547642166 0.6832739853 0.01544213586 -0.003068236414 0.0006119929002 0.0009956402116 4.285018508 0.03 0.01 6.265676198e-11 25.9058662 -0.001750705724 0.1511157485 6.742607568 0.02099402306 2015-01-01 2023-12-31
consumer-defensive CL MDLZ 2.332043606 0.4663966042 0.01340121534 -0.003203140201 0.0007712677512 0.002680368621 3.484390857 0.03 0.01 1.098931559e-08 19.24672294 0.0007816432167 0.1669286487 9.075471706 0.02690527793 2015-01-01 2023-12-31
consumer-defensive CL COKE 3.694641392 0.1344419358 0.005804534096 -0.001334450006 0.000312947288 0.003001778654 2.637775952 0.03 0.01 3.882399188e-10 17.88909838 0.002342865968 0.1998329995 9.764219849 0.03340857741 2015-01-01 2023-12-31
consumer-defensive ACI COKE 0.9554408216 0.4815482082 0.01036188896 -0.002409271606 0.0005692360716 0.007090005216 3.222520338 0.03 0.01 0.008547569786 7.17478987 -0.003688995622 0.3960072692 24.34539445 0.1045402579 2015-01-01 2023-12-31
consumer-defensive PG MDLZ 2.788460017 0.51419005 0.01919115969 -0.004590462242 0.001106245789 0.005579341118 3.484390857 0.03 0.01 0.000646188069 8.815659481 0.01125278498 0.15851751 19.81395605 0.03775155462 2015-01-01 2023-12-31
consumer-defensive PEP MDLZ 2.274428145 0.6598666101 0.01304541097 -0.00311786623 0.0007506538377 0.002519174127 3.484390857 0.03 0.01 1.739490672e-07 16.64333442 0.004437837968 0.1383125179 10.49507779 0.02397321717 2015-01-01 2023-12-31
consumer-defensive MDLZ COKE 3.050149124 0.2578491276 0.005714851189 -0.00131291373 0.0003075668113 0.002803020943 2.637775952 0.03 0.01 1.514437766e-12 18.38216745 0.00373908005 0.1999873092 9.502311953 0.03298291839 2015-01-01 2023-12-31
energy DVN EXE -1.968886959 1.324119572 0.01408303791 -0.003241619223 0.0007539267519 0.005814401031 3.710912845 0.03 0.01 0.003868498481 16.71257281 -0.0133808977 0.4884245793 10.45159782 0.08448135233 2015-01-01 2023-12-31
energy NOV RIG 2.08518502 0.423246262 0.00138493383 -0.0006127117663 0.0003138440245 0.009832302351 2.548338107 0.03 0.01 1.964326433e-06 10.47958874 4.091718547e-05 0.4093769603 16.66793363 0.0894203323 2015-01-01 2023-12-31
energy NOV EXE 1.563673959 0.3084894568 0.01777700482 -0.004086730576 0.0009493994849 0.009434454865 3.710912845 0.03 0.01 0.02701496371 7.502694074 0.0251387338 0.4289839793 23.28138237 0.1107432989 2015-01-01 2023-12-31
energy NOV DTM -1.916685241 1.23722579 0.03078476807 -0.00787462516 0.002023654418 0.005777545101 3.635258646 0.03 0.01 0.02398772982 10.17174133 0.004199474711 0.3811806917 17.17238808 0.08451197331 2015-01-01 2023-12-31
energy FANG DTM -1.115381043 1.555838365 0.04817746745 -0.01236901926 0.00318864304 0.01100260452 3.635258646 0.03 0.01 0.006440556352 14.30561642 0.007433468591 0.3876155431 12.21010576 0.07246576775 2015-01-01 2023-12-31
energy FANG XOM -1.812863765 1.474199091 0.01644857435 -0.00356826643 0.0007846355794 0.0134357637 3.981099487 0.03 0.01 1.243131986e-05 9.518117492 -0.005707962965 0.4185107755 18.3516425 0.09592153406 2015-01-01 2023-12-31
energy FANG EOG -0.6799698533 1.187525604 0.01241688932 -0.002601262033 0.000554429187 0.01239938507 4.121624928 0.03 0.01 9.081586577e-08 11.22635329 -0.0002509445943 0.334377223 15.55920119 0.07056711071 2015-01-01 2023-12-31
energy RIG PAA -0.9868845289 1.179906873 0.004095291064 -0.00154549163 0.0006271095735 0.02312001912 2.655479164 0.03 0.01 0.001229263181 5.742639228 -0.03923283976 0.7205589544 30.41686628 0.2126173765 2015-01-01 2023-12-31
energy RIG FTI -1.528625689 1.171826901 0.004013225355 -0.001289442532 0.0004366736695 0.01199967608 3.089107524 0.03 0.01 2.12044528e-05 7.492983104 -0.02185450708 0.6558372711 23.31155524 0.1694157253 2015-01-01 2023-12-31
energy MTDR NFG -2.506113957 1.679182128 0.01955009657 -0.005008682738 0.001298964833 0.0159002898 3.658334693 0.03 0.01 7.823000577e-05 4.806053033 0.02139412383 0.7530471449 36.34439494 0.24289182 2015-01-01 2023-12-31
energy MTDR EXE -0.8916134912 1.128115452 0.01977685995 -0.004544345309 0.001055292197 0.01181516952 3.710912845 0.03 0.01 0.002779597619 14.9476288 -0.007433973234 0.4442788877 11.68567214 0.08125582907 2015-01-01 2023-12-31
energy MTDR DTM -2.886704995 1.770564113 0.05192707341 -0.01334025998 0.003440925192 0.01222146192 3.635258646 0.03 0.01 0.0006561561147 19.27050914 0.0007370341739 0.429661919 9.064269564 0.06920942983 2015-01-01 2023-12-31
energy MTDR CHRD 2.354379491 0.3307202279 0.003738929869 -0.0007489277478 0.0001588776756 0.006737776532 1.902455431 0.03 0.01 3.054630465e-09 20.66836411 0.03217348409 1.090919034 8.451229551 0.1696775832 2015-01-01 2023-12-31
energy NFG CHRD 3.584495681 0.05284913753 0.003725558826 -0.0007464718815 0.0001579323766 0.006015062642 1.902455431 0.03 0.01 0.0002215306406 17.01421547 0.01115598882 0.3149852281 10.26630289 0.05399694945 2015-01-01 2023-12-31
energy CVX EPD 2.523615774 0.7742570558 0.00856219532 -0.002727912062 0.0008889819815 0.0101883858 2.58092697 0.03 0.01 0.0002656843358 8.880448607 0.01172871106 0.2505542899 19.66939929 0.05945240019 2015-01-01 2023-12-31
energy CVX VLO 2.483458545 0.5093818557 0.01256938918 -0.002611031577 0.0005529400465 0.01469561273 3.698497902 0.03 0.01 9.020431066e-05 8.863595816 0.01196219342 0.2481982359 19.70679768 0.05894930926 2015-01-01 2023-12-31
energy PAA FTI 0.2602281512 0.7569058874 0.004471646747 -0.001439817398 0.0004923884908 0.01926105571 3.089107524 0.03 0.01 0.0003714938144 10.53025172 0.009932130317 0.4741457898 16.58774113 0.1033183649 2015-01-01 2023-12-31
energy PAA NE 0.9249818697 0.4274175673 0.009910949751 -0.002664675316 0.0007252562633 0.004017593765 3.042361677 0.03 0.01 6.491821836e-06 24.40167454 0.02194729006 0.2568800461 7.158241915 0.03677100987 2015-01-01 2023-12-31
energy MGY EPD -1.621742461 1.503269452 0.008387711432 -0.002676724245 0.0008705128416 0.006951558095 2.680298159 0.03 0.01 9.97331633e-05 10.04871647 0.003119788351 0.4409759277 17.38262692 0.09836590418 2015-01-01 2023-12-31
energy MGY TRGP -0.04759447859 0.6984889365 0.007506905808 -0.001689779235 0.0003887478167 0.007046667092 3.558433392 0.03 0.01 1.263161169e-05 14.11663826 0.009266014557 0.4920404694 12.37356135 0.09260196093 2015-01-01 2023-12-31
energy MGY EXE -1.518124985 1.050570983 0.01370823684 -0.003155876507 0.0007340996868 0.005501353427 3.710912845 0.03 0.01 0.004457095951 15.63809315 -0.02268366512 0.395209269 11.16971793 0.0706675811 2015-01-01 2023-12-31
energy MGY DTM -2.583892376 1.436159923 0.02728845089 -0.006974061826 0.001790884891 0.004835388791 3.635258646 0.03 0.01 0.008770010767 21.9532626 -0.01721420464 0.3835815221 7.956589082 0.057888613 2015-01-01 2023-12-31
energy MGY CHRD 1.860091201 0.2337737018 0.003619833678 -0.0007221316277 0.0001575111877 0.01446061975 1.723017989 0.03 0.01 7.278115004e-05 17.68778699 0.01952756955 0.8074584798 9.875350128 0.1357589443 2015-01-01 2023-12-31
energy MGY MPLX -1.285984145 1.289569773 0.01006917149 -0.002968052147 0.0008941776661 0.01302079564 2.755345063 0.03 0.01 0.004071736247 9.300504623 -0.004676307951 0.4701927443 18.78103356 0.1090203743 2015-01-01 2023-12-31
energy EQT RRC 1.28356569 0.687084581 0.003700363873 -0.00105396122 0.000307268371 0.002113398306 3.564636734 0.03 0.01 3.035311476e-07 12.65430236 -0.0003087991719 0.3955600758 13.8034547 0.07862820294 2015-01-01 2023-12-31
energy COP EPD 1.044688714 1.173393695 0.009692519659 -0.003089829851 0.001007860202 0.01342930974 2.58092697 0.03 0.01 0.000472770663 6.40009581 0.01836950777 0.301885167 27.29226166 0.08437883777 2015-01-01 2023-12-31
energy COP DTM -1.915718082 1.690440341 0.03085604599 -0.007892997103 0.002028405909 0.005797199995 3.635258646 0.03 0.01 0.0004067669208 19.73211629 0.008784862011 0.4112714556 8.852222789 0.06546764779 2015-01-01 2023-12-31
energy COP LNG 0.6456171985 0.7872420324 0.01176099287 -0.002290473093 0.0004524271533 0.00671320123 3.822076113 0.03 0.01 6.516259861e-06 10.37230606 0.003912758967 0.3312548307 16.84033314 0.07272932568 2015-01-01 2023-12-31
energy COP VLO 1.17411797 0.7288855784 0.0158692994 -0.003299314068 0.0007005219366 0.02782990592 3.698497902 0.03 0.01 0.002205367967 5.437643954 0.02943970392 0.3123473965 32.12293614 0.09471472633 2015-01-01 2023-12-31
energy COP MPC 1.114785483 0.7222564445 0.01108068402 -0.002239180391 0.0004631814973 0.01567107756 3.497484437 0.03 0.01 0.0002803650216 8.203006472 0.001558418015 0.2976583937 21.29378906 0.07348803059 2015-01-01 2023-12-31
energy WMB TRGP 1.4068128 0.4599162975 0.008774726012 -0.00197362885 0.0004604781049 0.02657668004 3.496438607 0.03 0.01 2.455717842e-06 4.484646818 0.01614477321 0.2559548409 38.94912946 0.08546419903 2015-01-01 2023-12-31
energy WMB LNG -0.6752000015 0.8042849067 0.01559007985 -0.003044497303 0.0006067855099 0.02439225075 3.822076113 0.03 0.01 0.001237823455 7.938951703 -0.02757008035 0.2912249355 22.00203453 0.07308562748 2015-01-01 2023-12-31
energy WMB MPLX 0.8405139093 0.7720549778 0.008877587219 -0.002593873997 0.0007905190297 0.03714357483 2.795299488 0.03 0.01 7.640601942e-05 7.969124579 0.01006615593 0.2576555214 21.91872994 0.06453854166 2015-01-01 2023-12-31
energy EPD CHRD 2.535034453 0.1112165757 0.003669090095 -0.0007359522021 0.0001542245828 0.003789115912 1.902455431 0.03 0.01 2.411827646e-10 28.58051713 0.01374970823 0.4120753597 6.11161403 0.05450377803 2015-01-01 2023-12-31
energy EPD NE 2.200999772 0.2401922342 0.006349341965 -0.00170860291 0.0004657108852 0.001832711334 3.042361677 0.03 0.01 8.925178057e-05 15.76105967 0.005530533264 0.1605488628 11.08257269 0.0285956208 2015-01-01 2023-12-31
energy EPD LNG 0.8133010748 0.4445088656 0.0114120384 -0.00222201221 0.0004384511065 0.005627344898 3.822076113 0.03 0.01 3.46068893e-06 8.790676249 -0.002362749652 0.232032183 19.8702676 0.05533782496 2015-01-01 2023-12-31
energy EPD VNOM 1.744800121 0.4153929057 0.003996546976 -0.001207372301 0.0003793286893 0.006133790988 2.181084199 0.03 0.01 0.0003554632882 14.52252034 -0.0009748535539 0.2293971209 12.02773936 0.0425649344 2015-01-01 2023-12-31
energy EPD VLO 1.349927831 0.3628642739 0.01084416641 -0.00225258478 0.0004763527152 0.009445790804 3.698497902 0.03 0.01 6.603936449e-05 6.751015932 0.009604425372 0.2516658216 25.87360055 0.06848960703 2015-01-01 2023-12-31
energy EPD PSX 0.9985006837 0.4453405598 0.01360557996 -0.00288219966 0.0006190443629 0.009522853173 3.992904099 0.03 0.01 7.230926427e-05 6.9064453 0.01075401739 0.2491644677 25.29131585 0.06704151553 2015-01-01 2023-12-31
energy EPD MPC 1.099061284 0.4029817496 0.009801787713 -0.001976398735 0.0004069345785 0.00982118284 3.497484437 0.03 0.01 3.706364849e-05 9.384097479 -0.002849521736 0.2231987023 18.61373349 0.05152054069 2015-01-01 2023-12-31
energy TRGP NE 1.630802035 0.745582513 0.01468242533 -0.003950420567 0.001075218552 0.007761427942 3.042361677 0.03 0.01 0.003450478027 13.52666142 -2.113292467e-05 0.347608209 12.91324475 0.06683127037 2015-01-01 2023-12-31
energy TRGP MPLX -0.174397835 1.361564405 0.009677537139 -0.002831174461 0.000865377998 0.04764622909 2.795299488 0.03 0.01 5.115301505e-05 5.665678531 0.0002593936194 0.4271818935 30.8300389 0.1269029956 2015-01-01 2023-12-31
energy OKE NE 2.287920947 0.4820179286 0.01094726483 -0.002943290639 0.0008009461092 0.004752150598 3.042361677 0.03 0.01 0.002898850554 15.09626087 -0.005818125239 0.2706253594 11.57061944 0.04925142455 2015-01-01 2023-12-31
energy OVV EXE -0.7227623534 1.028172504 0.01773205827 -0.004076446646 0.0009470201787 0.009384389686 3.710912845 0.03 0.01 0.002902051477 14.68060577 -0.0101198319 0.4015683424 11.89822084 0.07410926088 2015-01-01 2023-12-31
energy OVV DTM -3.562733834 1.872426156 0.03653591523 -0.009358412789 0.002407729559 0.007415428251 3.635258646 0.03 0.01 0.0009830239718 18.30408649 -0.01594505413 0.4443095708 9.5428466 0.07343390799 2015-01-01 2023-12-31
energy OVV HAL -1.307738852 1.41759725 0.009119017812 -0.002473715663 0.0006996716181 0.03933872825 3.541499328 0.03 0.01 0.001766522096 7.046208558 0.01130820019 0.5656296007 24.78965646 0.15067437 2015-01-01 2023-12-31
energy SUN LNG 0.7784418216 0.5832057739 0.01319503541 -0.002572409388 0.0005101302332 0.01226438267 3.822076113 0.03 0.01 4.03604224e-07 9.795267214 0.01996098463 0.2981012025 17.83239657 0.06735046308 2015-01-01 2023-12-31
energy PR NE -1.256169213 1.003960567 0.02114922426 -0.00570790282 0.001557415072 0.01442889788 3.042361677 0.03 0.01 0.001786888853 14.99926732 0.007555109293 0.4987342414 11.64544146 0.09105822196 2015-01-01 2023-12-31
energy EXE CQP 0.3620884342 1.041537766 0.0364692738 -0.009546472179 0.002514265028 0.01380320911 3.382026719 0.03 0.01 0.02695141335 13.02016681 0.002080150601 0.4865675272 13.41558 0.09534981383 2015-01-01 2023-12-31
energy EXE APA 1.992333171 0.6602604519 0.009872826287 -0.002755042007 0.000786018722 0.01268506499 2.853555619 0.03 0.01 0.02113037386 12.55217051 0.01616357092 0.3315138629 13.91576774 0.0661648422 2015-01-01 2023-12-31
energy EXE LNG -0.4886861605 0.9343252215 0.01309048287 -0.0025468231 0.0004986928484 0.001943051388 4.37343981 0.03 0.01 0.0005260860676 30.49549161 -0.007936591609 0.3713956548 5.727833206 0.04755585575 2015-01-01 2023-12-31
energy EXE VNOM 1.668090454 0.8158937319 0.006422436316 -0.001957760304 0.0006078138209 0.003762246168 2.571870223 0.03 0.01 0.006305011506 17.68690009 -0.00229356602 0.3532271726 9.87584532 0.05938998914 2015-01-01 2023-12-31
energy EXE OXY 1.474404616 0.7012694731 0.01421943423 -0.003467446087 0.0008592908957 0.01373913214 3.2391215 0.03 0.01 0.001849654201 18.65820725 0.003502171186 0.3629864775 9.361729515 0.05942107332 2015-01-01 2023-12-31
energy EXE EOG 0.2897373041 0.8543184998 0.02579472002 -0.005439707108 0.00115626615 0.01130321245 4.079028583 0.03 0.01 0.01325132469 12.27861102 0.004364687939 0.3337973715 14.22580203 0.06735863752 2015-01-01 2023-12-31
energy CQP DTM -0.00569254917 0.9834836293 0.01844125049 -0.00470160274 0.00120496832 0.002674300951 3.635258646 0.03 0.01 0.0003620728337 21.24405221 0.008424318559 0.3122290444 8.222211459 0.04790045316 2015-01-01 2023-12-31
energy CQP TPL 2.192692046 0.3152314074 0.007040673246 -0.001350763776 0.0002664689811 0.006855767259 2.815378757 0.03 0.01 3.39691066e-06 11.9408802 0.01277832279 0.326447938 14.6281586 0.0668006612 2015-01-01 2023-12-31
energy FTI NE -0.6617984352 0.9741486558 0.02415685047 -0.006532250914 0.001785489019 0.01824550761 3.042361677 0.03 0.01 0.01188771525 11.00678382 0.08680012401 0.4021588237 15.86958483 0.08571412296 2015-01-01 2023-12-31
energy WES SM 1.603781393 0.4108030103 0.004319007519 -0.001164804002 0.0003309858676 0.01369484917 3.305870799 0.03 0.01 0.001129165916 8.89095849 -0.00036588452 0.4811542347 19.64614835 0.1141024641 2015-01-01 2023-12-31
energy WES APA 0.3723227643 0.7534764821 0.007746533666 -0.002087639925 0.0005897464339 0.03583371168 3.712730556 0.03 0.01 0.0049023889 6.412163526 0.009484230354 0.4884958402 27.24089752 0.1364091734 2015-01-01 2023-12-31
energy WES BKR -0.8378230976 1.127344463 0.008611524162 -0.002424784786 0.0007038912966 0.01896525079 3.359516001 0.03 0.01 3.276872202e-05 7.52569553 -0.005376497244 0.5505982822 23.21022539 0.1419209574 2015-01-01 2023-12-31
energy WES HAL -0.02227212764 0.8632612805 0.009348000565 -0.002536294559 0.0007177780157 0.04207171074 3.541499328 0.03 0.01 0.02207083747 5.416868083 -0.0114661903 0.4875868716 32.24614054 0.1481367717 2015-01-01 2023-12-31
energy SM DTM -4.613664773 2.103188643 0.07658359325 -0.01973984154 0.005106149408 0.02080419828 3.635258646 0.03 0.01 0.0127712501 14.97325133 -0.03544136791 0.5238371688 11.66567538 0.09572453281 2015-01-01 2023-12-31
energy DTM APA 2.803865958 0.3168365977 0.002917110441 -0.0008202303464 0.0002361242763 0.001327488595 3.028163366 0.03 0.01 0.0002239744394 21.43269139 0.005331852696 0.2082530185 8.149843916 0.03180811638 2015-01-01 2023-12-31
energy DTM CHRD 1.863250266 0.4131848832 0.009776360513 -0.001965378755 0.0003986221058 0.002069001377 4.253838107 0.03 0.01 0.001551106202 16.8177193 -0.0004995723687 0.2157473166 10.38625312 0.03720033538 2015-01-01 2023-12-31
energy DTM LNG 0.814340917 0.6043538991 0.01039819087 -0.002021983689 0.0003953912446 0.0009666386711 4.538846787 0.03 0.01 1.816695714e-05 33.41217152 -0.003110081151 0.2381740258 5.22782811 0.0291358068 2015-01-01 2023-12-31
energy DTM VNOM 2.391939494 0.4650686813 0.002903548812 -0.000876174973 0.0002690955702 0.0007524691392 2.749027383 0.03 0.01 1.15589935e-05 35.2186926 0.001174005786 0.2326832667 4.959669898 0.02772448831 2015-01-01 2023-12-31
energy DTM PBF 3.042539665 0.2332007092 0.002978848435 -0.0007894460615 0.0002157926372 0.002061624879 2.42728159 0.03 0.01 0.0009451722927 18.14994914 -0.002528860082 0.2497743898 9.62388865 0.04145674523 2015-01-01 2023-12-31
energy DTM VLO 1.887552459 0.4230109628 0.009592328241 -0.001997167272 0.0004192658615 0.001747820148 4.133163857 0.03 0.01 0.002102646277 16.14628208 -0.0028004373 0.244316005 10.81816165 0.04299328729 2015-01-01 2023-12-31
energy DTM DINO 2.2739569 0.4199942656 0.00687343887 -0.001751532414 0.0004511357043 0.00151964539 3.311907556 0.03 0.01 1.323899517e-05 15.3497192 -0.0005633232549 0.275281641 11.37956254 0.04968348291 2015-01-01 2023-12-31
energy DTM TPL 3.7382 0.03254741337 0.01031254194 -0.001977916966 0.0003824387999 0.001995598539 4.899040572 0.03 0.01 0.002070081308 16.27916926 0.02302005463 0.3508772032 10.72985278 0.06149276699 2015-01-01 2023-12-31
energy DTM PSX 1.590068138 0.4905391445 0.02209992925 -0.004675238449 0.000994367 0.003923738817 4.149151326 0.03 0.01 0.01858536335 11.26437928 -0.003557320842 0.2296064898 15.50667686 0.04837439305 2015-01-01 2023-12-31
energy DTM HAL 2.617992305 0.3628579087 0.004058362749 -0.001123737245 0.0003177068471 0.001988717427 3.044847501 0.03 0.01 0.0008998572266 17.93617783 0.004859826334 0.2142946556 9.738590416 0.0357792631 2015-01-01 2023-12-31
energy DTM XOM 1.664037808 0.4929993494 0.0120723308 -0.002640892575 0.0005820686305 0.002290823255 3.955767711 0.03 0.01 0.004561914837 14.43176816 -0.0006015051435 0.2153118322 12.10337413 0.04007680828 2015-01-01 2023-12-31
energy DTM EOG 1.905332335 0.4245160117 0.008207637026 -0.001727625606 0.0003672927002 0.001889621525 4.213305418 0.03 0.01 7.74060334e-05 23.89226449 0.004171877329 0.2224694836 7.310863714 0.03218301977 2015-01-01 2023-12-31
energy DTM RRC 2.709670503 0.3479948203 0.004779567257 -0.001369747178 0.0004012057782 0.00298604941 2.886087131 0.03 0.01 0.003146074384 16.09873469 0.004485494635 0.2177966395 10.85011294 0.03838312276 2015-01-01 2023-12-31
energy DTM KMI 1.31271885 0.9525497806 0.03072528683 -0.01129150843 0.004168683442 0.005659731634 2.562706158 0.03 0.01 0.06183183523 10.31804426 0.008800873968 0.176532474 16.92889516 0.03886072659 2015-01-01 2023-12-31
energy DTM MPC 1.446984618 0.4977812728 0.008116977084 -0.001633550822 0.0003311996172 0.0009834853356 4.031803834 0.03 0.01 0.0002052352987 21.33058749 -0.008567190435 0.2241631892 8.188855069 0.03432004831 2015-01-01 2023-12-31
energy APA BKR -0.3762603694 1.131528822 0.008180432127 -0.002302155136 0.0006677187145 0.01677622634 3.359516001 0.03 0.01 5.381354799e-06 7.309112183 -0.02301586216 0.5398257395 23.89798995 0.1411907603 2015-01-01 2023-12-31
energy APA SLB -1.238903503 1.217263649 0.008058757015 -0.002010517331 0.0005131359612 0.009367594765 4.078043503 0.03 0.01 2.173807539e-05 10.68292085 0.00243027725 0.4879068134 16.35068648 0.1055545308 2015-01-01 2023-12-31
energy APA HAL -0.017403441 0.9955414456 0.006058831745 -0.001645455755 0.0004624428818 0.01185519203 3.541499328 0.03 0.01 8.203238385e-05 10.21881855 -0.01551037441 0.4671634852 17.09327635 0.1033364524 2015-01-01 2023-12-31
energy CHRD NE 2.046695251 0.7779654339 0.02605621042 -0.007055329047 0.00193090042 0.02091519816 3.042361677 0.03 0.01 0.01043451355 10.58044448 0.009629901145 0.3915886552 16.50905025 0.08512618042 2015-01-01 2023-12-31
energy CHRD MPLX -4.374267283 2.800287137 0.009734186778 -0.002848042633 0.0008707072276 0.04841198613 2.795299488 0.03 0.01 0.002895029081 4.313041187 0.05321009541 2.413561723 40.49882251 0.82177251 2015-01-01 2023-12-31
energy NE MPLX -0.2435199117 1.172954528 0.02962600627 -0.008808791068 0.002631065242 0.005098974147 2.952012866 0.03 0.01 0.003991745907 14.07588105 0.02195286963 0.4159853229 12.40938943 0.07840165239 2015-01-01 2023-12-31
energy NE SLB 0.8816351921 0.7173105575 0.0115607846 -0.00293030686 0.0007518300074 0.005397525078 3.319705228 0.03 0.01 0.0002003537153 20.29871458 0.02889216028 0.3631393269 8.605130577 0.05699332807 2015-01-01 2023-12-31
energy NE PSX 0.2826108274 0.7257601073 0.03109260207 -0.006606626904 0.001410828465 0.006718514284 4.151376303 0.03 0.01 0.01536428999 11.53032828 0.02831962228 0.3995126242 15.14901269 0.08319451096 2015-01-01 2023-12-31
energy NE FRO 2.543799135 0.4212465033 0.004656320108 -0.001677077071 0.00062411228 0.005779790751 1.630489076 0.03 0.01 0.01391464864 11.38702144 0.01130592688 0.445285188 15.33966458 0.09330784987 2015-01-01 2023-12-31
energy NE MPC 0.2747406636 0.6911265435 0.01766498951 -0.003564415549 0.000724627156 0.004597330214 4.013519927 0.03 0.01 0.0006817424651 15.88207808 0.007204122837 0.3995954155 10.9981256 0.07090091433 2015-01-01 2023-12-31
energy NE AM 0.6593750484 1.269569985 0.008299108649 -0.003450577045 0.001450590494 0.002374535601 1.975627997 0.03 0.01 0.0003462297997 19.97786992 0.006039699244 0.4169741425 8.743329004 0.06596590666 2015-01-01 2023-12-31
energy VNOM VLO -0.9124720408 0.8647474982 0.0107155484 -0.002225896714 0.0004706568715 0.009099130782 3.698497902 0.03 0.01 0.007207350924 6.392950133 0.01179752184 0.4720805606 27.3227674 0.1320232626 2015-01-01 2023-12-31
energy VNOM PSX -1.939239269 1.101831761 0.01385854317 -0.002936806448 0.00063103129 0.009967820117 3.992904099 0.03 0.01 0.004656455114 6.799817987 0.01147501423 0.4668529523 25.68790662 0.1265949751 2015-01-01 2023-12-31
energy BKR AM 1.988062699 0.6263371149 0.002962427189 -0.001191032117 0.0005068296271 0.007621036886 2.13028276 0.03 0.01 0.0002067234778 7.920458539 0.009318271097 0.4089900441 22.05340621 0.1027596404 2015-01-01 2023-12-31
financial-services AFL CB -0.2610010713 0.8567231505 0.01497765022 -0.002782225256 0.0005196921841 0.00188242863 4.580689458 0.03 0.01 1.975987143e-08 18.30512365 0.0063145825 0.2217164885 9.542305905 0.0366434757 2015-01-01 2023-12-31
financial-services AFL TRV -0.6818323914 0.9772225649 0.01779824016 -0.003457164719 0.0006753418057 0.002818147232 4.476109415 0.03 0.01 3.569466887e-09 16.4571701 0.006827276377 0.2278559921 10.61379863 0.03971621721 2015-01-01 2023-12-31
financial-services MS COIN 3.912493173 0.08949046063 0.005308092099 -0.00108284179 0.0002279162068 0.006876079774 5.576415139 0.03 0.01 0.006821189497 9.861073685 0.003128372531 0.274230431 17.71339461 0.06175022528 2015-01-01 2023-12-31
financial-services MS HOOD 4.067723044 0.1221715555 0.0009785408648 -0.0003723833748 0.0001528076459 0.001358371262 3.288355105 0.03 0.01 0.0003570626145 15.78474839 0.004119515089 0.2760345648 11.06594069 0.04912806262 2015-01-01 2023-12-31
financial-services COIN WFC -2.569250363 1.929864358 0.0524918478 -0.0141307087 0.003820165101 0.01409886631 3.724090432 0.03 0.01 0.2073232012 4.450664342 -0.0814849661 0.989780951 39.24652053 0.3317505659 2015-01-01 2023-12-31
financial-services COIN SPGI -11.49055025 2.723151625 0.1357264048 -0.02299438772 0.00390246694 0.01598511166 5.949679735 0.03 0.01 0.201563946 5.384380249 -0.09589933512 0.9285506497 32.44070467 0.2829584965 2015-01-01 2023-12-31
financial-services COIN BNY -3.031985464 2.02501649 0.04351614166 -0.01152000931 0.003064797635 0.01308593817 3.831257315 0.03 0.01 0.2693399931 4.605654993 -0.07124207263 0.9497243026 37.92578683 0.3129225441 2015-01-01 2023-12-31
financial-services COIN MCO -11.22452024 2.713559394 0.1248928937 -0.02144881756 0.003690894672 0.01743081092 5.856162279 0.03 0.01 0.1663806754 5.813685227 -0.1133138577 0.9253912845 30.0451577 0.2713842567 2015-01-01 2023-12-31
financial-services COIN BX -1.105801971 1.240618483 0.03171514675 -0.006897799128 0.001511445378 0.01577080675 4.539681503 0.03 0.01 0.2775001654 3.64970812 -0.1005867479 0.8879217789 47.85946814 0.3286477352 2015-01-01 2023-12-31
financial-services COIN COF -6.400623541 2.364280012 0.05077916592 -0.01089343088 0.002347692759 0.01520255596 4.970139267 0.03 0.01 0.02590314014 7.78475693 -0.04140797072 1.046995504 22.43783474 0.2653427895 2015-01-01 2023-12-31
financial-services APO AON -2.369652717 1.175353773 0.0408139489 -0.00708297085 0.001237321009 0.01759125648 4.531783252 0.03 0.01 0.0003296022093 7.239085639 0.02024828564 0.3793610827 24.12916468 0.0997001751 2015-01-01 2023-12-31
financial-services APO ALL -0.4780571631 1.023328497 0.02279256293 -0.004748517346 0.0009983496051 0.011536598 3.98264153 0.03 0.01 0.0003231949744 7.505172842 0.0267258964 0.395548917 23.27369312 0.1020950892 2015-01-01 2023-12-31
financial-services APO MRSH -1.729231711 1.177570782 0.03294842611 -0.006326368138 0.001225258252 0.01958992275 3.923250353 0.03 0.01 7.491986053e-05 7.506605179 0.02441170953 0.3516664189 23.26925226 0.09075992202 2015-01-01 2023-12-31
financial-services GS MET 2.227391332 0.8743483158 0.008121659636 -0.001976996216 0.0004877269925 0.003234395201 3.410074382 0.03 0.01 2.859521869e-07 10.14038652 0.001911457402 0.2438345307 17.22548634 0.0541443265 2015-01-01 2023-12-31
financial-services GS HOOD 5.486884392 0.1339573257 0.001013852336 -0.0003851136873 0.0001584677551 0.001624912586 3.288355105 0.03 0.01 0.002797398904 13.11709996 0.008651467909 0.2505817179 13.31644114 0.04892326922 2015-01-01 2023-12-31
financial-services CB MET 3.245228462 0.516258894 0.01214210227 -0.002962546836 0.0007341762905 0.009661720988 3.410074382 0.03 0.01 1.865716382e-05 8.117950285 0.01478066498 0.2053180044 21.51689569 0.05095523901 2015-01-01 2023-12-31
financial-services CB HOOD 5.538582865 -0.06860892601 0.0009117788293 -0.0003479032142 0.0001417888911 0.00092235477 3.288355105 0.03 0.01 0.000181647836 22.68630089 0.005641487088 0.2363934887 7.699496287 0.0350944684 2015-01-01 2023-12-31
financial-services CB HIG 2.38291262 0.693001103 0.0134720047 -0.003127084384 0.0007347322972 0.007239422507 3.560467653 0.03 0.01 1.408254166e-07 12.15257351 0.006541565752 0.1917448198 14.37334153 0.03889327493 2015-01-01 2023-12-31
financial-services CB RY 2.102745886 0.7330882068 0.01464485438 -0.003284607067 0.0007435036025 0.00495481042 3.731371237 0.03 0.01 1.154442658e-06 12.2063776 0.005316590087 0.2217608573 14.30998575 0.0448824436 2015-01-01 2023-12-31
financial-services CB TRV -0.02031116228 1.046823577 0.01283086806 -0.002483305249 0.0004828440442 0.0009920072846 4.476109415 0.03 0.01 1.260330949e-10 24.45843632 -0.0003045807983 0.1679686747 7.141629465 0.02401590481 2015-01-01 2023-12-31
financial-services WFC HOOD 3.664060813 0.03302689517 0.00112330928 -0.0004239364231 0.0001754427959 0.002589259391 3.288355105 0.03 0.01 0.01924410146 12.37658397 0.002625556676 0.3144834975 14.11319068 0.06320951626 2015-01-01 2023-12-31
financial-services NU SPGI -10.86509944 2.185046078 0.1935815079 -0.03285534218 0.005584531315 0.02293563971 5.88519231 0.03 0.01 0.1235655078 8.015113906 0.01688500433 0.6968485833 21.79296409 0.1740478145 2015-01-01 2023-12-31
financial-services NU BRK-B -11.89159484 2.370911662 1.201380148 -0.2067855789 0.0356102859 0.09947033569 5.765104922 0.03 0.01 0.03228309272 7.784796373 0.002079376192 0.5807736784 22.43772106 0.1471866087 2015-01-01 2023-12-31
financial-services NU MA -10.11901843 2.027160931 1.040071367 -0.1755063185 0.02963129616 0.08397324226 5.842177939 0.03 0.01 0.1260569616 5.31948802 0.01339520541 0.64128245 32.83644757 0.1966072096 2015-01-01 2023-12-31
financial-services NU MCO -9.897468752 2.048612695 0.1728536051 -0.02974801052 0.00512825911 0.02405320304 5.759493615 0.03 0.01 0.1085498421 7.130599504 -0.005734274812 0.6739066875 24.49626983 0.1784521341 2015-01-01 2023-12-31
financial-services JPM ICE 0.1019042526 1.033108079 0.01902320736 -0.004022103585 0.0008578439893 0.00719347208 3.783706916 0.03 0.01 2.113367011e-07 9.671717201 -0.001787768827 0.2818841153 18.06019406 0.06409199805 2015-01-01 2023-12-31
financial-services MET HIG 0.4974431792 0.8331359016 0.01421115586 -0.003300260186 0.000776013384 0.008413694777 3.560467653 0.03 0.01 2.887832072e-06 13.56891099 0.002207274542 0.253425289 12.87303673 0.04864771609 2015-01-01 2023-12-31
financial-services MET TRV -0.1564360444 0.8237173955 0.03278166755 -0.006393359328 0.001254716063 0.01147335468 4.476109415 0.03 0.01 1.539206897e-06 7.512703466 0.008030993915 0.2636069076 23.2503639 0.06800544158 2015-01-01 2023-12-31
financial-services SPGI ICE 1.225818092 0.9961986743 0.01836921154 -0.003882869576 0.0008278976151 0.006628242271 3.783706916 0.03 0.01 0.0002623452795 8.968432386 0.01070280176 0.2180373543 19.4764349 0.05148226391 2015-01-01 2023-12-31
financial-services SPGI MSCI 2.002777941 0.6301095317 0.01639077655 -0.002631142972 0.0004267466435 0.005659234109 4.147487753 0.03 0.01 1.881257167e-05 8.768056337 0.002284444015 0.1895690858 19.9215291 0.0452689949 2015-01-01 2023-12-31
financial-services FITB TD -2.197974879 1.358734971 0.01423760226 -0.003530136461 0.0008863222394 0.008625830629 3.349187975 0.03 0.01 7.460234008e-05 12.20125339 -0.005635629126 0.2906452805 14.31599557 0.0588363949 2015-01-01 2023-12-31
financial-services FITB SCHW -0.2738704973 0.8745134716 0.004869605411 -0.001175539898 0.0002882467218 0.00158608228 3.313181608 0.03 0.01 4.071034418e-08 21.61075289 -0.001643003173 0.3163062243 8.082693389 0.04811248532 2015-01-01 2023-12-31
financial-services FITB PNC -2.39121523 1.178501495 0.009982839498 -0.002058749528 0.0004285963029 0.002475097819 4.206082455 0.03 0.01 7.156201987e-14 17.12177038 -0.0008162247253 0.1919234932 10.20181241 0.03279735401 2015-01-01 2023-12-31
financial-services TD SCHW 2.088940316 0.4707839873 0.006780067972 -0.001647137381 0.0004082018124 0.004899542125 3.313181608 0.03 0.01 1.961266056e-06 11.19366415 0.00484746896 0.1989186897 15.60463912 0.04204113727 2015-01-01 2023-12-31
financial-services TD RY -0.1172891999 0.9231826413 0.007645063056 -0.001697243683 0.0003788242055 0.0004845010895 3.731371237 0.03 0.01 1.150853749e-13 26.84259662 -0.0002609761175 0.1221653755 6.507309704 0.01667327348 2015-01-01 2023-12-31
financial-services TD ALL 0.7214668087 0.6796838516 0.0122288196 -0.002518609489 0.0005227415243 0.002401706985 3.98264153 0.03 0.01 3.828058696e-08 12.32026674 -0.001475951782 0.2235844133 14.17770355 0.04504187607 2015-01-01 2023-12-31
financial-services TD TRV -0.3350958883 0.8471622245 0.0234915372 -0.004573368374 0.0008957933198 0.005627678374 4.476109415 0.03 0.01 1.725607561e-07 13.15827453 0.0007219247242 0.2308148267 13.27477164 0.0449934436 2015-01-01 2023-12-31
financial-services SCHW RY -1.010249659 1.142548793 0.0184701999 -0.004145628514 0.0009396387371 0.008826729215 3.731371237 0.03 0.01 6.459243881e-05 6.712752956 -8.750044026e-05 0.2943301979 26.02108116 0.08032846948 2015-01-01 2023-12-31
financial-services SCHW PNC -1.071526976 1.069235896 0.009355747489 -0.001926161335 0.0004000874105 0.001927625283 4.206082455 0.03 0.01 5.564233984e-10 20.12601814 0.001728227259 0.2809353982 8.678969097 0.04428050209 2015-01-01 2023-12-31
financial-services V ICE 2.278890754 0.6831854785 0.01086440191 -0.002285649522 0.0004842334156 0.001552011195 3.783706916 0.03 0.01 3.788212623e-14 22.58568654 0.005606183242 0.2293547411 7.733795879 0.03412526841 2015-01-01 2023-12-31
financial-services V MA 0.2943394371 0.8693120003 0.01788755509 -0.00297703366 0.0004979853099 0.001938283624 4.496689566 0.03 0.01 2.45420068e-09 22.94061546 -0.002306175107 0.1173470253 7.614141382 0.01732425448 2015-01-01 2023-12-31
financial-services BRK-B AXP 3.556867982 0.4551127509 0.01420222847 -0.002782468884 0.0005501897412 0.004502841679 4.115401235 0.03 0.01 2.317645155e-06 9.025656366 0.009053010911 0.1479071962 19.35295146 0.03481247569 2015-01-01 2023-12-31
financial-services BRK-B TRV 2.678662674 0.622690621 0.01914343432 -0.003720948748 0.0007274645855 0.003421316302 4.476109415 0.03 0.01 4.574328253e-06 10.15336332 0.007575085988 0.1594077597 17.20347081 0.03537443377 2015-01-01 2023-12-31
financial-services HOOD BAC -4.366096391 2.003201543 0.1915155837 -0.05640048638 0.01668201731 0.1896723939 3.670428734 0.03 0.01 0.1693155719 6.658374576 0.009463645256 0.8506623539 26.23359312 0.2331084969 2015-01-01 2023-12-31
financial-services HIG TRV -0.4498177839 0.9242077589 0.01960576155 -0.003811602547 0.0007453739139 0.003637743797 4.476109415 0.03 0.01 0.0007568276801 11.43744108 0.003161326663 0.2221812166 15.27204278 0.0464545126 2015-01-01 2023-12-31
financial-services ICE MA 0.3626911099 0.7271637973 0.02085265445 -0.003473504568 0.0005817784374 0.003065960874 4.496689566 0.03 0.01 1.496005495e-06 14.53550599 -0.006032496642 0.230056345 12.01699408 0.04266818216 2015-01-01 2023-12-31
financial-services ICE MCO 1.229265874 0.5953653906 0.0267302328 -0.004569583071 0.0007867757788 0.008808245299 4.512120478 0.03 0.01 1.944403513e-05 7.98311957 0.002952498037 0.1794387434 21.88030481 0.04490708905 2015-01-01 2023-12-31
financial-services ICE MSCI 1.776642237 0.4746163605 0.01239480284 -0.001984705601 0.0003201277981 0.001653065764 4.147487753 0.03 0.01 5.111754568e-10 15.0579042 -0.0008695068746 0.1942994051 11.60009303 0.0354057834 2015-01-01 2023-12-31
financial-services RY ALL 1.103879821 0.6911272443 0.0124193492 -0.002558610243 0.0005312360987 0.002517722413 3.98264153 0.03 0.01 4.609856953e-07 12.48451706 -0.001136074691 0.2153405026 13.99117713 0.04309479817 2015-01-01 2023-12-31
financial-services RY AXP 1.413849611 0.594650366 0.01960390146 -0.003850130867 0.00076384928 0.01023400175 4.115401235 0.03 0.01 2.987417661e-07 9.248219397 0.005221551296 0.162371407 18.88721299 0.03775421929 2015-01-01 2023-12-31
financial-services RY TRV 0.2742552706 0.8124398929 0.02752714806 -0.005364165751 0.001051816568 0.007990884137 4.476109415 0.03 0.01 2.022036463e-06 12.9904871 0.003429686093 0.214638062 13.44623093 0.042109397 2015-01-01 2023-12-31
financial-services PNC BAC 2.0143253 0.839126453 0.003918585011 -0.001145867156 0.0003406887302 0.001165288783 2.575582647 0.03 0.01 1.930733495e-10 24.71641577 0.0008094467307 0.171500959 7.067088171 0.02439264016 2015-01-01 2023-12-31
financial-services AJG MRSH 0.5868575344 0.9295361082 0.01522262147 -0.002914612108 0.0005617633826 0.002506589376 3.923250353 0.03 0.01 7.087246942e-10 14.65068877 0.009228170765 0.13534915 11.92251724 0.0250041165 2015-01-01 2023-12-31
financial-services MCO MSCI 2.819179416 0.4886007172 0.01541069669 -0.0024726787 0.0004005842909 0.004368837328 4.147487753 0.03 0.01 7.841749616e-07 10.62927424 0.01334890971 0.217462735 16.43320942 0.04716480485 2015-01-01 2023-12-31
financial-services AON AXP 3.724850733 0.3990510015 0.01769965375 -0.003473976175 0.0006886401978 0.008004365377 4.115401235 0.03 0.01 3.965578708e-06 7.977085892 0.0232175784 0.2188780612 21.89685455 0.05479804961 2015-01-01 2023-12-31
financial-services ALL AXP 2.54001681 0.444333175 0.01652048541 -0.003240954966 0.0006420195038 0.00673494827 4.115401235 0.03 0.01 1.899931259e-06 7.536104229 0.01002330647 0.2224478546 23.17816795 0.05729804122 2015-01-01 2023-12-31
financial-services AXP TRV 1.602872763 0.6773022037 0.03515180434 -0.006857470591 0.001346167721 0.01318226306 4.476109415 0.03 0.01 3.164015279e-05 8.348277241 0.025795528 0.2923449405 20.92324973 0.0715454719 2015-01-01 2023-12-31
healthcare ROIV CNC 1.925868869 0.102441581 0.005577917307 -0.001289871137 0.00029987263 0.0002757443707 4.179196156 0.03 0.01 3.962657732e-07 29.91189412 0.002225841599 0.8094703886 5.839586381 0.1046559709 2015-01-01 2023-12-31
healthcare REGN RVMD 6.982210605 -0.09077439421 0.006523530239 -0.001948169546 0.000601540307 0.01298115993 3.470231802 0.03 0.01 0.0007906965845 10.09020884 0.03156672207 0.315125174 17.3111471 0.07014844093 2015-01-01 2023-12-31
healthcare REGN RPRX 7.545994888 -0.2605507585 0.0286490619 -0.008669130842 0.00264181412 0.01138751273 3.657207333 0.03 0.01 0.0001501237973 13.22719167 0.03103769787 0.3168273473 13.20560659 0.06159902527 2015-01-01 2023-12-31
healthcare AMGN HUM 3.366470805 0.3501706529 0.02301672431 -0.00373902598 0.0006105507028 0.003652888046 5.105524224 0.03 0.01 1.237650303e-08 14.28040584 0.009907136434 0.2300182939 12.23166145 0.0430404799 2015-01-01 2023-12-31
healthcare AMGN TMO 3.415181519 0.3403005468 0.02124495398 -0.00342000091 0.0005530677145 0.002326913674 4.906787451 0.03 0.01 2.66906138e-07 12.80794892 0.002296287395 0.2232503554 13.63786587 0.04411003146 2015-01-01 2023-12-31
healthcare AMGN ZTS 4.127488802 0.2704402467 0.0131917121 -0.002541175396 0.0004930704782 0.002199579357 3.770670692 0.03 0.01 7.908828359e-08 11.70845912 0.002629730145 0.2208650316 14.91853776 0.0456417294 2015-01-01 2023-12-31
healthcare AMGN VRTX 3.981828447 0.2595122417 0.01741619064 -0.002935715714 0.00049843439 0.003879420052 4.62711264 0.03 0.01 5.609753762e-08 12.94980173 0.01166138972 0.2280253088 13.48847598 0.04480603307 2015-01-01 2023-12-31
healthcare AMGN CI 3.576234443 0.345925124 0.01868659047 -0.003319677233 0.0005934683289 0.003721171769 4.795402306 0.03 0.01 5.290062817e-09 13.52433793 0.0111118193 0.2245158174 12.91546325 0.04316919382 2015-01-01 2023-12-31
healthcare AMGN UNH 3.461659893 0.3317995172 0.02036061641 -0.003274762253 0.000529742669 0.003170996617 4.681297942 0.03 0.01 1.046262108e-08 13.34621496 0.007365610196 0.2222473264 13.08783726 0.04301723476 2015-01-01 2023-12-31
healthcare AMGN ELV 3.736401515 0.2925159686 0.0226618157 -0.003713337803 0.0006117615896 0.003679769945 4.804538616 0.03 0.01 2.480768874e-08 12.29870614 0.009677673004 0.2269695575 14.20255819 0.0457638866 2015-01-01 2023-12-31
healthcare RVMD WAT 2.069319318 0.2052024416 0.05585535663 -0.009845873977 0.001746139066 0.0319914513 5.343904815 0.03 0.01 0.01200992105 7.918163332 -0.0636507072 0.6991983356 22.05979874 0.1757005658 2015-01-01 2023-12-31
healthcare RVMD HCA 1.651023953 0.2858985924 0.03032545793 -0.005458461872 0.000992974639 0.02738238944 4.773375031 0.03 0.01 0.00442428409 9.166713349 -0.07230120395 0.7031152088 19.05514909 0.1642119162 2015-01-01 2023-12-31
healthcare RVMD JNJ 0.9858961609 0.4502779461 0.2366923125 -0.04747932851 0.00953764539 0.03176614915 4.818268008 0.03 0.01 0.008449550111 8.273542146 -0.06551234054 0.7153293223 21.11224992 0.1758511805 2015-01-01 2023-12-31
healthcare RVMD HUM 1.419571921 0.2939523612 0.1783208257 -0.0289441792 0.004706903156 0.0313961763 5.897881324 0.03 0.01 0.005040468501 8.307956028 -0.05524144705 0.7093300093 21.02479706 0.1740148219 2015-01-01 2023-12-31
healthcare RVMD TMO 0.50639406 0.4372893901 0.07950803741 -0.01273008411 0.002046401947 0.02834614776 5.958570207 0.03 0.01 0.008494196325 8.228518838 -0.05126300833 0.6961764776 21.22776808 0.1716103644 2015-01-01 2023-12-31
healthcare RVMD EW 2.22602898 0.2321313861 0.03681019545 -0.008449376296 0.001955801232 0.02678046426 4.336053185 0.03 0.01 0.01198857922 7.547713906 -0.049201868 0.698666597 23.14251596 0.17982384 2015-01-01 2023-12-31
healthcare RVMD ZTS 0.8731636558 0.4589603444 0.06992295061 -0.01356944252 0.002645681862 0.03008119133 4.921435327 0.03 0.01 0.005514487547 8.417805634 -0.05527391961 0.6955414408 20.75043035 0.1695151686 2015-01-01 2023-12-31
healthcare RVMD DHR 1.233188414 0.3719277969 0.05037487373 -0.009338948353 0.001742284127 0.02813681494 5.09408492 0.03 0.01 0.008625871161 8.160195926 -0.05186220926 0.6980885583 21.40550191 0.1728005932 2015-01-01 2023-12-31
healthcare RVMD MDT -0.3380679278 0.8338704748 0.05256005969 -0.01221241039 0.002853198601 0.02343189074 4.439673363 0.03 0.01 0.00472564196 9.048097124 -0.02176225255 0.7036947045 19.30495298 0.1654210062 2015-01-01 2023-12-31
healthcare RVMD VRTX 5.001893232 -0.3040212439 0.1066579686 -0.01819245797 0.003114241743 0.04115008583 5.524556659 0.03 0.01 0.004642221581 8.962457413 -0.0201915776 0.7572039119 19.48941919 0.1788480868 2015-01-01 2023-12-31
healthcare RVMD CI 1.636653691 0.2846350656 0.08676630145 -0.01547000072 0.002768479016 0.0286245547 5.132037933 0.03 0.01 0.00629692481 8.639568128 -0.07040473454 0.7202507109 20.21780336 0.1732697229 2015-01-01 2023-12-31
healthcare RVMD ILMN 1.84389923 0.276396483 0.02498468832 -0.004902200157 0.0009766717622 0.03896668817 5.769475863 0.03 0.01 0.01383674327 7.507260695 0.004498827733 0.668737841 23.26722044 0.1725838497 2015-01-01 2023-12-31
healthcare RVMD BIIB 1.681064239 0.2782237601 0.07883163529 -0.01412439017 0.002541975304 0.03463411512 5.638994646 0.03 0.01 0.002840621401 9.34351345 -0.03712067608 0.7676899575 18.69458319 0.1775888742 2015-01-01 2023-12-31
healthcare RVMD MTD 0.76359826 0.3484242265 0.06393165291 -0.009002015725 0.001273708836 0.02681071164 6.801135981 0.03 0.01 0.009429362655 8.107265477 -0.05219435298 0.6886506669 21.54525345 0.1710199509 2015-01-01 2023-12-31
healthcare RVMD UNH 2.567052871 0.1072749487 0.09364781566 -0.01512671505 0.002451077609 0.02373842954 5.611018394 0.03 0.01 0.008037364831 8.191915019 -0.06922444756 0.7150744667 21.32261981 0.1766621672 2015-01-01 2023-12-31
healthcare RVMD BSX 1.812196916 0.3585289039 0.1016473293 -0.02571572584 0.006530992602 0.04294639964 3.595886374 0.03 0.01 0.003515443528 8.767562655 -0.05945071871 0.7069393607 19.92265084 0.1688214888 2015-01-01 2023-12-31
healthcare RVMD BDX 1.979086931 0.2383832186 0.473800986 -0.09063621132 0.01735275188 0.04370024852 5.130443431 0.03 0.01 0.004698437598 8.509898711 -0.03603654261 0.7297493027 20.52587174 0.1768872358 2015-01-01 2023-12-31
healthcare RVMD ABBV 3.044733634 0.03776644102 0.05663887509 -0.01154862798 0.002368102592 0.02781704434 4.289063248 0.03 0.01 0.008494105131 8.155947358 -0.0679922906 0.715875962 21.41665239 0.177249727 2015-01-01 2023-12-31
healthcare RVMD ALNY 1.735625785 0.2860504081 0.05877696335 -0.0112235182 0.002156783485 0.03859498855 4.899035436 0.03 0.01 0.008086490119 7.969456053 -0.05481330317 0.6854859943 21.91781827 0.171699586 2015-01-01 2023-12-31
healthcare RVMD VEEV 0.4176523923 0.5362002022 0.0355938012 -0.006720517037 0.001281079584 0.0322171046 5.439546565 0.03 0.01 0.002228772984 9.936905279 -0.01870913948 0.6796187678 17.57821823 0.152449074 2015-01-01 2023-12-31
healthcare RVMD DGX 1.195141845 0.4205817638 0.08145467785 -0.01678966379 0.003474318476 0.02856729285 4.608395847 0.03 0.01 0.008327315841 8.168750313 -0.05280960544 0.7126702862 21.38308588 0.1763176721 2015-01-01 2023-12-31
healthcare RVMD BMY 3.832539358 -0.1544511721 0.07812269488 -0.0198817254 0.005081274104 0.03086953073 3.852250616 0.03 0.01 0.007214153244 8.263958423 -0.05464436759 0.7327243826 21.13673382 0.180231868 2015-01-01 2023-12-31
healthcare RVMD RMD 2.389776265 0.1631973531 0.05182468199 -0.01003301413 0.001954980175 0.03171613562 5.14065678 0.03 0.01 0.0128137095 7.473804906 -0.04573309528 0.6998895291 23.37137398 0.1810271107 2015-01-01 2023-12-31
healthcare RVMD LLY 3.064912594 0.02615734927 0.04683543427 -0.00753299076 0.001221708129 0.03740006146 4.962601637 0.03 0.01 0.009543851122 8.13572549 -0.06404034242 0.7133765751 21.46988486 0.1768502603 2015-01-01 2023-12-31
healthcare RVMD MRK 3.945264241 -0.1579458641 0.134962398 -0.02954138405 0.006484579388 0.04062703052 4.141051117 0.03 0.01 0.005712971949 8.317835419 0.001871785527 0.7350997168 20.99982516 0.1802295906 2015-01-01 2023-12-31
healthcare RVMD NTRA 1.977896442 0.3191416705 0.006517916636 -0.00158906307 0.0004038960437 0.02004790683 4.015815766 0.03 0.01 0.001490578233 10.92104391 -0.02462091167 0.6663154952 15.99417519 0.1425715393 2015-01-01 2023-12-31
healthcare RVMD ELV 2.168646487 0.174520059 0.07823045882 -0.01282755859 0.002110677383 0.02028620361 5.543281938 0.03 0.01 0.00582544414 8.528183883 -0.07094096659 0.7205496158 20.48186248 0.1744699414 2015-01-01 2023-12-31
healthcare RVMD A 1.128895508 0.4389979017 0.03071154147 -0.006365567983 0.001332093596 0.02411603215 4.504767439 0.03 0.01 0.006976595171 8.50793006 -0.05594973348 0.6833858022 20.53062123 0.1656681408 2015-01-01 2023-12-31
healthcare RVMD GILD 3.964818323 -0.1734669679 0.08222030234 -0.01927775782 0.004538511394 0.03178454462 3.997551183 0.03 0.01 0.005551951473 8.539078092 -0.0152326612 0.7626295937 20.45573159 0.1845411249 2015-01-01 2023-12-31
healthcare RVMD IQV 0.8575167747 0.4438657331 0.04489200062 -0.008354230703 0.001565274745 0.02582992917 5.018846104 0.03 0.01 0.00657482648 8.494896232 -0.06106046226 0.6824657056 20.56212162 0.1655719622 2015-01-01 2023-12-31
healthcare RVMD IDXX 0.5663889371 0.4319190994 0.03183412607 -0.005122920874 0.0008323085466 0.02566007598 5.864333509 0.03 0.01 0.002458466993 9.976723448 -0.0518770163 0.6815000724 17.50806168 0.1525657125 2015-01-01 2023-12-31
healthcare RVMD CNC 5.819105008 -0.6090380556 0.09502905435 -0.02222125597 0.00521747568 0.0426014252 4.136782078 0.03 0.01 0.001489189069 10.11228093 -0.03311305725 0.7496901718 17.27336203 0.1667025551 2015-01-01 2023-12-31
healthcare RVMD PFE 3.939607585 -0.2136899196 0.02815475841 -0.008365381298 0.002514930834 0.03054933081 3.240123096 0.03 0.01 0.004346377021 8.699506714 -0.062790483 0.7269178942 20.07850505 0.1742701673 2015-01-01 2023-12-31
healthcare RVMD MCK 3.193816438 0.005952607785 0.05583482829 -0.009211941818 0.00152839801 0.02503532529 5.001274314 0.03 0.01 0.009791853207 8.097409626 -0.07053035447 0.7134068319 21.57147749 0.177275701 2015-01-01 2023-12-31
healthcare WAT JNJ 1.638735637 0.813239997 0.01787966745 -0.00359067037 0.0007247880088 0.002338145554 4.389142229 0.03 0.01 1.901616249e-08 12.51876468 0.006437798744 0.2768168554 13.95290142 0.05532186277 2015-01-01 2023-12-31
healthcare WAT DGX 2.849297244 0.5826555628 0.01285583427 -0.002642664809 0.0005474525408 0.002713410316 4.121330042 0.03 0.01 4.966584297e-08 11.82365647 0.00790352603 0.2762035959 14.77318713 0.05679870437 2015-01-01 2023-12-31
healthcare WAT A 1.898993659 0.7850025313 0.01060801764 -0.002194194224 0.000457991159 0.002371970103 3.658034282 0.03 0.01 5.688883979e-10 14.85325398 -0.0002904960037 0.2052648657 11.75992073 0.03766073729 2015-01-01 2023-12-31
healthcare WAT IQV 2.053115975 0.6730872176 0.01588010409 -0.002952977614 0.0005534783927 0.004025999765 4.254248706 0.03 0.01 8.685581261e-07 9.669227151 -0.0004566858253 0.2430393 18.06484497 0.05526696635 2015-01-01 2023-12-31
healthcare HCA RPRX 7.676109077 -0.6467274593 0.06568252582 -0.01953857819 0.005846499999 0.04179870136 3.657207333 0.03 0.01 0.07317307573 4.729345559 0.03628536766 0.4438313355 36.93388172 0.144311998 2015-01-01 2023-12-31
healthcare JNJ HUM 2.822461787 0.3488844523 0.03319374 -0.005387259838 0.0008793291121 0.009078211659 5.105524224 0.03 0.01 7.029555961e-07 9.285741898 0.002584460592 0.1924299972 18.81089216 0.04465287966 2015-01-01 2023-12-31
healthcare JNJ TMO 1.134455255 0.6162940086 0.01795502841 -0.002887677797 0.0004663529394 0.001392720035 4.906787451 0.03 0.01 2.937919802e-06 21.35018987 -0.009308014697 0.2353879469 8.181336586 0.03602204399 2015-01-01 2023-12-31
healthcare JNJ DHR 3.366696516 0.2967413168 0.01202416564 -0.002231795101 0.0004176990677 0.002310216906 3.803889241 0.03 0.01 7.307658119e-09 16.63366654 0.0009531232798 0.1804176251 10.50117778 0.03128023222 2015-01-01 2023-12-31
healthcare JNJ MTD 2.312315422 0.376880126 0.01992711171 -0.002831724552 0.0004041427292 0.001908937356 5.874061155 0.03 0.01 5.331927932e-11 16.555117 -0.001884365616 0.1936224038 10.55100302 0.03364917979 2015-01-01 2023-12-31
healthcare JNJ UNH 1.944999315 0.4855726806 0.01951995833 -0.003138967584 0.0005075484205 0.002661781829 4.681297942 0.03 0.01 9.735917457e-08 17.12586706 -0.004793124202 0.1840326959 10.19937203 0.03144515256 2015-01-01 2023-12-31
healthcare JNJ DGX 2.789229067 0.4488950581 0.0128703191 -0.002645652879 0.0005480776489 0.002724350914 4.121330042 0.03 0.01 2.934594015e-09 13.55513167 0.002477615495 0.1963477853 12.88612267 0.03771022633 2015-01-01 2023-12-31
healthcare JNJ MRNA 4.550472119 0.09238944307 0.004200662401 -0.0009350621264 0.0002130012421 0.002174529771 2.903078972 0.03 0.01 8.203968502e-09 23.35971769 0.002119003632 0.2016519505 7.477534269 0.02950214781 2015-01-01 2023-12-31
healthcare JNJ A 2.74285163 0.4610822616 0.01064185888 -0.002201342326 0.0004595248954 0.002399067318 3.658034282 0.03 0.01 1.417543001e-06 15.7888728 -0.004362611974 0.2027252682 11.06305002 0.03607591233 2015-01-01 2023-12-31
healthcare JNJ IQV 2.897398529 0.3867446471 0.02093595737 -0.003898231416 0.0007319926105 0.007895579275 4.254248706 0.03 0.01 3.861852875e-06 10.8046688 -0.003133033756 0.198740755 16.16644552 0.04275296193 2015-01-01 2023-12-31
healthcare JNJ IDXX 3.660291337 0.2094627607 0.0124296526 -0.001997888501 0.0003240405257 0.002788403788 4.46241034 0.03 0.01 1.174090536e-06 13.42626113 5.874840435e-05 0.1892186412 13.00980875 0.03651500604 2015-01-01 2023-12-31
healthcare HUM TMO 3.08120453 0.4942511918 0.03231394685 -0.005202133161 0.0008419425132 0.007150139817 4.906787451 0.03 0.01 1.39134701e-06 10.10350812 0.003428836476 0.3005019701 17.28836038 0.06684920215 2015-01-01 2023-12-31
healthcare HUM ZTS 3.607389645 0.4917877777 0.01787494372 -0.003452642174 0.0006724958082 0.005325670329 3.770670692 0.03 0.01 5.796667054e-07 10.03803268 -0.0008011515095 0.2887788168 17.40112779 0.0644504616 2015-01-01 2023-12-31
healthcare HUM DHR 4.749294589 0.2604630213 0.01433556698 -0.002663360813 0.0005007006036 0.006525956803 3.803889241 0.03 0.01 3.092494061e-05 10.38436507 0.01609189401 0.2997101014 16.82077704 0.06576523996 2015-01-01 2023-12-31
healthcare HUM VRTX 5.016115118 0.1916722086 0.02077971065 -0.003509772207 0.0005979632888 0.007884762964 4.62711264 0.03 0.01 5.482527897e-05 8.894451367 0.02426848476 0.3049155908 19.63843325 0.07229446545 2015-01-01 2023-12-31
healthcare HUM MTD 3.956865531 0.3115704424 0.0257598452 -0.003661686966 0.0005234618091 0.005383979086 5.874061155 0.03 0.01 5.793542381e-08 10.26033659 0.01074938828 0.2959476882 17.02410909 0.06533097653 2015-01-01 2023-12-31
healthcare HUM UNH 2.077710025 0.6550663155 0.02193799929 -0.003529893007 0.0005714961731 0.004252060598 4.681297942 0.03 0.01 1.469813454e-08 12.47857406 0.002494439913 0.2175686027 13.99784051 0.04355106144 2015-01-01 2023-12-31
healthcare HUM ABBV 3.948949529 0.4492598826 0.01790801004 -0.003644446808 0.0007486329137 0.006894980123 3.687789342 0.03 0.01 2.687679172e-07 9.48776859 0.007537678964 0.2945194454 18.41034463 0.06761093384 2015-01-01 2023-12-31
healthcare HUM DGX 3.900196946 0.4646762137 0.01584454507 -0.003258594512 0.0006761369512 0.00535526124 4.121330042 0.03 0.01 2.675969984e-08 12.12882173 0.01490891757 0.2917759343 14.40148873 0.05924137965 2015-01-01 2023-12-31
healthcare HUM RMD 4.579047276 0.3099154252 0.01624214516 -0.0031931096 0.0006346501838 0.007965371547 3.985840173 0.03 0.01 5.25481555e-07 9.459544733 0.01339954559 0.3039527039 18.46527443 0.06988048262 2015-01-01 2023-12-31
healthcare HUM RPRX 6.158755834 -0.00570235421 0.009803699652 -0.002984481949 0.0009165599394 0.002105466028 3.657207333 0.03 0.01 1.163060433e-05 19.27123639 0.004220367828 0.3039984363 9.063927502 0.04896678183 2015-01-01 2023-12-31
healthcare HUM SYK 4.033627922 0.3756941617 0.02099371628 -0.003721222682 0.0006644170375 0.005924844782 4.533699448 0.03 0.01 5.529121868e-07 9.286908026 0.01060421641 0.286454128 18.80853014 0.06646676092 2015-01-01 2023-12-31
healthcare HUM A 4.260820066 0.3940524021 0.01450067282 -0.0030128203 0.0006329759098 0.006557932714 3.658034282 0.03 0.01 7.694220412e-07 9.860428688 0.009538165299 0.2935129447 17.7145533 0.06609435419 2015-01-01 2023-12-31
healthcare TMO RMD 3.774312194 0.4804870532 0.01275257878 -0.00251228495 0.0004999495079 0.004252155613 3.985840173 0.03 0.01 3.37436919e-07 14.31578279 0.01479131925 0.2485020445 12.20143474 0.04644162616 2015-01-01 2023-12-31
healthcare TMO RPRX 6.223054967 -0.004956536949 0.02436233637 -0.007387503834 0.002256504712 0.008781763763 3.657207333 0.03 0.01 0.01355521835 8.860410679 0.007676538123 0.2897351787 19.71388188 0.06882707371 2015-01-01 2023-12-31
healthcare TMO MRNA 5.261125044 0.2094610021 0.005772223172 -0.001261028528 0.000286656554 0.01138811798 2.903078972 0.03 0.01 2.586974014e-05 12.91554059 0.01985029808 0.2872399279 13.52425694 0.05651627334 2015-01-01 2023-12-31
healthcare TMO IQV 3.139142083 0.5716214937 0.01633999799 -0.003039023569 0.000569741902 0.004328439279 4.254248706 0.03 0.01 1.635153729e-06 12.62482662 0.01290863601 0.2143287523 13.83568224 0.04265330877 2015-01-01 2023-12-31
healthcare EW RMD 0.6183587752 0.722692552 0.02785496193 -0.00541188568 0.001064677044 0.02944647616 3.985840173 0.03 0.01 4.977948321e-05 6.899551462 0.003741442524 0.3040497347 25.31658622 0.08185009764 2015-01-01 2023-12-31
healthcare EW MRNA 3.779496018 0.1147022679 0.006494498414 -0.001401081142 0.0003172107365 0.0207238244 2.903078972 0.03 0.01 0.0007668838902 8.547594056 0.009653353496 0.3438948359 20.43535156 0.08317421531 2015-01-01 2023-12-31
healthcare ZTS ABT 1.90277162 0.7119342775 0.02126435188 -0.00463266631 0.001016778181 0.006395642271 3.565940021 0.03 0.01 7.961312202e-05 7.906621877 0.02178869937 0.2154868233 22.09199987 0.05418888765 2015-01-01 2023-12-31
healthcare ZTS RMD 2.690703128 0.4895908156 0.01272697295 -0.002507257043 0.0004989481295 0.00422874305 3.985840173 0.03 0.01 3.804357068e-08 11.76020745 0.01558359234 0.2514001759 14.85289185 0.05183738537 2015-01-01 2023-12-31
healthcare ZTS IQV 1.708129312 0.6456534376 0.01339470667 -0.002487637636 0.0004654523186 0.002559923143 4.254248706 0.03 0.01 8.332382581e-09 12.80870433 0.009618494915 0.2099349786 13.63706157 0.04147794267 2015-01-01 2023-12-31
healthcare DHR DGX -1.148565964 1.347341633 0.0247695436 -0.005092982371 0.001057676622 0.01627918738 4.121330042 0.03 0.01 0.0001518762173 6.195699316 0.01557620231 0.3547724677 28.19263502 0.1007835715 2015-01-01 2023-12-31
healthcare DHR RPRX 5.827879058 -0.142222337 0.02400763127 -0.007281151775 0.002224435011 0.008578340388 3.657207333 0.03 0.01 0.01070189657 8.242581617 0.00341194095 0.3259326819 21.1915511 0.08027517929 2015-01-01 2023-12-31
healthcare DHR MRNA 4.316090951 0.2301095398 0.006219461248 -0.001348261895 0.0003057345038 0.01668276599 2.903078972 0.03 0.01 5.294445452e-05 11.7942222 0.02567374341 0.2811663502 14.81005585 0.05789135207 2015-01-01 2023-12-31
healthcare MDT VEEV 3.533289478 0.1412806541 0.009487862667 -0.001811780834 0.0003502911724 0.002981195239 3.436284229 0.03 0.01 4.55834215e-07 13.87007313 -0.001110853696 0.2418324091 12.59352332 0.04591558574 2015-01-01 2023-12-31
healthcare MDT NTRA 3.864526605 0.1017721115 0.00436557735 -0.001082002918 0.0002782841366 0.005846458661 2.361883097 0.03 0.01 8.627460906e-06 11.42900442 0.002490197992 0.2463446178 15.28331629 0.05152569755 2015-01-01 2023-12-31
healthcare CI ABBV 3.104308265 0.5114982394 0.01735797646 -0.00353228361 0.0007254562732 0.006314114694 3.687789342 0.03 0.01 6.879418411e-05 10.09482002 0.004920010791 0.298405428 17.30323959 0.06641136865 2015-01-01 2023-12-31
healthcare CI LLY 3.43596844 0.3430684463 0.01688079812 -0.002662486114 0.0004235546554 0.004059746231 4.180255096 0.03 0.01 6.299179335e-07 9.813701849 -0.005309904943 0.3073018303 17.79889915 0.06936393449 2015-01-01 2023-12-31
healthcare BIIB MTD 6.059589448 -0.07234707932 0.04118289185 -0.005820459444 0.0008289272529 0.02411033083 5.874061155 0.03 0.01 0.0005641602509 8.027818955 0.007370088088 0.4639132521 21.75847394 0.1157771877 2015-01-01 2023-12-31
healthcare BIIB WST 6.407332212 -0.1476924772 0.01916420376 -0.003257328241 0.000562399758 0.0194564265 4.14929667 0.03 0.01 0.0003423180973 8.394709272 0.01478394181 0.468187501 20.807521 0.1142620437 2015-01-01 2023-12-31
healthcare BIIB UNH 6.623317341 -0.174520821 0.03613179729 -0.005834389686 0.0009501997854 0.02186736461 4.681297942 0.03 0.01 0.0006935651522 7.926077603 0.009272881827 0.4624203726 22.0377718 0.1161429362 2015-01-01 2023-12-31
healthcare BIIB BSX 6.01841852 -0.1190946042 0.01697641683 -0.004237998934 0.001076289539 0.02156309618 2.972498587 0.03 0.01 0.0003933227075 7.91012703 0.006106021382 0.4693676366 22.08221042 0.1180066317 2015-01-01 2023-12-31
healthcare BIIB BDX 7.250848396 -0.3261759611 0.04935953515 -0.009415265473 0.00180608678 0.02090688599 4.61520062 0.03 0.01 0.0009996139928 8.143952157 0.00609091553 0.4730298455 21.44819691 0.1172076446 2015-01-01 2023-12-31
healthcare BIIB ABT 4.070579903 0.3210907857 0.03041286371 -0.006627710158 0.001455609103 0.01426052143 3.565940021 0.03 0.01 0.0003721124233 7.05003381 -0.03511579991 0.4217539922 24.77620593 0.1123178042 2015-01-01 2023-12-31
healthcare BIIB ABBV 5.292739508 0.05247224169 0.02875998519 -0.005856209345 0.001206042181 0.02586971944 3.687789342 0.03 0.01 0.00135746613 7.222954083 -0.01631311067 0.4333935604 24.18305412 0.114027612 2015-01-01 2023-12-31
healthcare BIIB ALNY 3.940506395 0.3081708161 0.01400573121 -0.002674897258 0.0005198007683 0.01523890783 4.305889842 0.03 0.01 1.216087536e-05 9.982920518 -0.01820896526 0.43302754 17.49719325 0.09691069615 2015-01-01 2023-12-31
healthcare BIIB VEEV 5.947208232 -0.07656188491 0.0151836986 -0.002881863452 0.0005597239677 0.02554592628 3.436284229 0.03 0.01 0.0004094425106 8.518246367 0.00552815626 0.4595707645 20.50575693 0.1113428407 2015-01-01 2023-12-31
healthcare BIIB ISRG 5.637953565 -0.01675915224 0.02109620105 -0.003684987463 0.0006527832569 0.01993661465 4.167355303 0.03 0.01 0.000719184671 7.72852743 0.01161960552 0.4647903437 22.60108295 0.1182207534 2015-01-01 2023-12-31
healthcare BIIB DGX 6.059679104 -0.1053140288 0.03099757791 -0.006371486253 0.001322821869 0.02564072838 4.121330042 0.03 0.01 0.0007159605658 7.742838514 -6.716221132e-05 0.4581625658 22.55930938 0.1164272136 2015-01-01 2023-12-31
healthcare BIIB BMY 4.28722292 0.3237934861 0.0286115391 -0.007254417182 0.001859241468 0.02642180578 3.762461041 0.03 0.01 0.0003262958537 7.246876095 -0.01299710532 0.4237156046 24.10322561 0.1112971498 2015-01-01 2023-12-31
healthcare BIIB RMD 4.880213847 0.1309650541 0.02647156777 -0.005150587834 0.001014572864 0.02596317303 3.985840173 0.03 0.01 0.0009401933058 7.56077423 -0.009130281748 0.4395827241 23.10254006 0.1130426899 2015-01-01 2023-12-31
healthcare BIIB LLY 5.378348262 0.026326648 0.03096372652 -0.004944921547 0.0007987548542 0.0246490333 4.180255096 0.03 0.01 0.001410538434 7.497876506 -0.005787654677 0.4526630914 23.29634122 0.116893657 2015-01-01 2023-12-31
healthcare BIIB MRK 5.199686191 0.07685702 0.04167443292 -0.009088261358 0.001997145958 0.02628912003 3.678845028 0.03 0.01 0.001181472203 7.455435784 -0.008049893771 0.4474265554 23.42895768 0.1158697959 2015-01-01 2023-12-31
healthcare BIIB NTRA 5.214991792 0.07622354291 0.004387563875 -0.001087536556 0.0002797876076 0.005970810905 2.361883097 0.03 0.01 1.086067358e-06 12.83977337 -0.007730400715 0.4514538321 13.60406329 0.08908809388 2015-01-01 2023-12-31
healthcare BIIB MRNA 5.109548624 0.09513818801 0.006579079136 -0.001417220141 0.0003207093284 0.02209578271 2.903078972 0.03 0.01 0.003022915683 10.53833357 -0.01438053592 0.4686229627 16.57501998 0.1020757541 2015-01-01 2023-12-31
healthcare BIIB SYK 6.858386731 -0.2343423357 0.03304767306 -0.005868611494 0.001050801729 0.01879905037 4.533699448 0.03 0.01 0.0002024923401 8.903119027 0.01487120074 0.4886425254 19.6193142 0.1157990969 2015-01-01 2023-12-31
healthcare BIIB ELV 5.285611727 0.04286807572 0.04443102654 -0.007288104133 0.00120381551 0.02291680633 4.804538616 0.03 0.01 0.0001944643297 7.174001907 -0.01598047364 0.4332991603 24.34806845 0.1143910656 2015-01-01 2023-12-31
healthcare BIIB A 5.336038716 0.0446319153 0.0240391676 -0.004991529237 0.001050513909 0.02593622892 3.658034282 0.03 0.01 0.0008667163851 7.607439053 0.001916391828 0.4530843881 22.96082667 0.1161568589 2015-01-01 2023-12-31
healthcare BIIB GILD 2.802604896 0.6448739717 0.02204877153 -0.005122588198 0.001204492535 0.01959548251 4.145039909 0.03 0.01 1.465141168e-05 9.573038463 -0.01261806736 0.4196034918 18.24635827 0.0958957133 2015-01-01 2023-12-31
healthcare BIIB IQV 5.734490194 -0.03453982743 0.03523244613 -0.006566148585 0.001235036896 0.02634690407 4.254248706 0.03 0.01 0.0007189985337 7.695648313 -0.001258597106 0.454073196 22.69764449 0.115741275 2015-01-01 2023-12-31
healthcare BIIB IDXX 5.816595179 -0.04400611453 0.02031330878 -0.003284464877 0.0005397649573 0.02369468158 4.46241034 0.03 0.01 0.0005174500668 8.198889293 0.006677493248 0.4604794911 21.30448202 0.1137150072 2015-01-01 2023-12-31
healthcare BIIB CNC 4.933036752 0.1446566289 0.02172219758 -0.005057597648 0.001193896851 0.02353097519 3.461557579 0.03 0.01 0.000289598815 7.325641351 -0.01932579486 0.4311348913 23.84406786 0.1126355145 2015-01-01 2023-12-31
healthcare BIIB PFE 5.633969951 -0.02472728328 0.02074022388 -0.006172174717 0.001864445298 0.02628198904 2.975956739 0.03 0.01 0.0003204181216 7.195113974 -0.01631732461 0.4365486771 24.2766258 0.1150797315 2015-01-01 2023-12-31
healthcare BIIB MCK 4.128717117 0.2316831393 0.02770916911 -0.004547473288 0.0007522706212 0.01265096419 5.130297434 0.03 0.01 0.0004448013989 7.268711 -0.01679684637 0.4349758094 24.03082053 0.1140831242 2015-01-01 2023-12-31
healthcare MTD DGX 3.12631437 0.8057516844 0.01121092426 -0.002303219056 0.0004764150502 0.001612175384 4.121330042 0.03 0.01 1.694079737e-10 15.7345286 0.006792021363 0.3036189167 11.10125978 0.05412363549 2015-01-01 2023-12-31
healthcare MTD RPRX 6.930552016 0.03971967459 0.038367927 -0.0115520974 0.003501418446 0.01818686536 3.657207333 0.03 0.01 0.08345520652 4.731254787 -0.005446147811 0.3512410389 36.9189776 0.1141831677 2015-01-01 2023-12-31
healthcare MTD MRNA 6.054054579 0.2176666265 0.005694595857 -0.00124568727 0.0002832805403 0.0106168771 2.903078972 0.03 0.01 4.330553996e-05 11.39613719 0.02346369383 0.3176750996 15.32739441 0.06654100295 2015-01-01 2023-12-31
healthcare MTD A 2.217505323 0.9995619002 0.01073912529 -0.002221884868 0.0004639322161 0.00247787986 3.658034282 0.03 0.01 1.100317818e-06 13.72260279 -0.003110274201 0.2219656871 12.72885998 0.04236942786 2015-01-01 2023-12-31
healthcare UNH ABBV 2.55990696 0.7420343003 0.02355776995 -0.0047960884 0.0009866683772 0.01479420211 3.687789342 0.03 0.01 2.074363816e-06 8.115007045 0.01383837606 0.2741047119 21.52469967 0.06803886382 2015-01-01 2023-12-31
healthcare UNH DGX 2.793903167 0.705981308 0.01266541659 -0.002603381269 0.0005392338082 0.002571502635 4.121330042 0.03 0.01 4.748541152e-09 15.03725831 0.01378316184 0.2660840221 11.61601975 0.04851985215 2015-01-01 2023-12-31
healthcare BSX BDX -1.458397001 1.049468684 0.01856849228 -0.003559990662 0.0006861682672 0.002713993833 4.61520062 0.03 0.01 1.606551125e-07 16.03548692 0.004530589801 0.3023654985 10.89290836 0.05339199647 2015-01-01 2023-12-31
healthcare BSX RPRX 4.707309671 -0.2201853133 0.01520958752 -0.004627950424 0.001419513756 0.004176738042 3.657207333 0.03 0.01 5.423716879e-05 16.51845497 0.015165178 0.2629344351 10.57442054 0.04574543453 2015-01-01 2023-12-31
healthcare BSX SYK -1.149912034 0.9134873606 0.0191207171 -0.003388110898 0.0006045340566 0.00447833525 4.533699448 0.03 0.01 2.160156923e-05 11.94351872 -0.002802849726 0.2271342452 14.62492701 0.0464730818 2015-01-01 2023-12-31
healthcare BDX ISRG 3.394733434 0.310101995 0.00860220405 -0.001488544911 0.0002593984865 0.0008654432232 4.167355303 0.03 0.01 5.174837994e-10 25.65186557 -0.003789975892 0.2366544811 6.80937178 0.03304001661 2015-01-01 2023-12-31
healthcare BDX RPRX 4.79028621 0.1244668397 0.01021824053 -0.003110776752 0.0009553080151 0.002247381817 3.657207333 0.03 0.01 0.0001099330768 16.19841192 0.003748286671 0.2099602534 10.78334656 0.0368880647 2015-01-01 2023-12-31
healthcare BDX MRNA 5.023563127 0.03929927272 0.004619776406 -0.001025437244 0.000233854975 0.003551393908 2.903078972 0.03 0.01 9.5269472e-08 18.95231647 0.002810587104 0.251666161 9.216450654 0.04087696815 2015-01-01 2023-12-31
healthcare BDX CNC 3.987232188 0.2886526058 0.01573658495 -0.003661394997 0.0008628640144 0.01074382045 3.461557579 0.03 0.01 3.420306322e-07 9.579366168 0.008436776369 0.2223534538 18.23430553 0.05079962364 2015-01-01 2023-12-31
healthcare ABT RMD 3.034338211 0.3042760376 0.01425156429 -0.00280576973 0.0005582252629 0.005719245642 3.985840173 0.03 0.01 1.894885015e-06 12.28192864 0.01784343004 0.2202803342 14.22195932 0.04444546395 2015-01-01 2023-12-31
healthcare ABT RPRX 4.61069982 -0.01253545236 0.02363136045 -0.007168281697 0.002190383449 0.008364659442 3.657207333 0.03 0.01 0.005517500354 9.705258521 -0.002237088697 0.2427653745 17.99777813 0.0551021052 2015-01-01 2023-12-31
healthcare ABT MRNA 4.095092965 0.106686718 0.005108030736 -0.00112744812 0.0002569882698 0.00601217756 2.903078972 0.03 0.01 3.013908598e-05 14.41404347 0.01159980407 0.2631165119 12.11825744 0.04900497721 2015-01-01 2023-12-31
healthcare ABT IQV 2.300935602 0.4242641949 0.01798085635 -0.003345908824 0.000627720231 0.005487136452 4.254248706 0.03 0.01 3.312296573e-09 14.98586096 0.01436689753 0.2103911195 11.65585948 0.03843010378 2015-01-01 2023-12-31
healthcare ALNY RPRX 3.848616905 0.4063153559 0.01474175583 -0.004486071754 0.001376214129 0.003978409048 3.657207333 0.03 0.01 0.003606318752 10.59509665 0.0248124995 0.489133032 16.48621955 0.1062574852 2015-01-01 2023-12-31
healthcare ALNY MRNA 3.687733208 0.3287543701 0.006989946618 -0.001495055164 0.0003375479309 0.02966953816 2.903078972 0.03 0.01 0.0003914877422 9.928631267 0.01050644241 0.4796255586 17.59286701 0.1076323021 2015-01-01 2023-12-31
healthcare ISRG RPRX 7.107490165 -0.425574852 0.02587239789 -0.007839742155 0.002392707764 0.009669065127 3.657207333 0.03 0.01 0.06643980557 5.558719714 0.007625503182 0.3933756685 31.42325904 0.1179791079 2015-01-01 2023-12-31
healthcare ISRG SYK -0.2852533591 1.069268673 0.01661773288 -0.002942807597 0.0005244347696 0.002822580041 4.533699448 0.03 0.01 3.227781521e-06 11.48918468 0.006360237489 0.2690615112 15.20326241 0.05612960347 2015-01-01 2023-12-31
healthcare ISRG IDXX 1.641430879 0.6597209913 0.01376762793 -0.002217660812 0.0003609486213 0.004522017054 4.46241034 0.03 0.01 1.229357107e-07 12.03526554 0.01257275869 0.2741333288 14.51343877 0.0558751888 2015-01-01 2023-12-31
healthcare DGX RPRX 4.867388273 -0.008780034696 0.01250667878 -0.003807263053 0.001168721441 0.003081047672 3.657207333 0.03 0.01 0.0004935267694 9.94826622 0.003979961614 0.2305446631 17.55814387 0.05168522081 2015-01-01 2023-12-31
healthcare DGX MRNA 4.189962632 0.1426192365 0.005577624144 -0.00122244478 0.0002781517001 0.00953097942 2.903078972 0.03 0.01 6.490216638e-08 12.40713437 0.01846861904 0.2690486062 14.07843941 0.05401072486 2015-01-01 2023-12-31
healthcare DGX A 1.395958497 0.71535996 0.009852143416 -0.002034433869 0.0004236977028 0.001810532225 3.658034282 0.03 0.01 3.014565237e-09 15.02879988 -0.006465382548 0.2850201741 11.62255741 0.05198744243 2015-01-01 2023-12-31
healthcare DGX IDXX 2.269086977 0.4141074019 0.01220042337 -0.00196017434 0.0003177101225 0.002554543349 4.46241034 0.03 0.01 1.335024084e-12 15.90817091 -0.002597771213 0.2451368062 10.9800863 0.04345936751 2015-01-01 2023-12-31
healthcare RMD MRNA 3.990753029 0.2442789603 0.007084244783 -0.001512810076 0.000341383737 0.03162610067 2.903078972 0.03 0.01 0.0006327715993 9.224768061 0.0001101835867 0.3655770975 18.93522833 0.08511111007 2015-01-01 2023-12-31
healthcare RPRX LLY 3.238649234 0.002500167504 0.01867791819 -0.002942677339 0.0004667111492 0.00379877597 5.055160704 0.03 0.01 0.0007477847717 12.77791128 -0.02691150424 0.2426021539 13.66992505 0.04798988624 2015-01-01 2023-12-31
healthcare RPRX SYK 3.996847616 -0.1304823962 0.03630147917 -0.006433633802 0.001144884788 0.006226071257 5.333657858 0.03 0.01 0.001182096473 12.37004477 -0.02327794571 0.2548271689 14.12065136 0.05123244657 2015-01-01 2023-12-31
healthcare MRNA A -8.876090327 2.820137853 0.04296991544 -0.008922992463 0.001867229822 0.02984547661 4.276000089 0.03 0.01 0.03062295585 5.799073292 -0.000735706384 0.9284700624 30.12086254 0.2726299778 2015-01-01 2023-12-31
healthcare MRNA IQV -6.069314022 2.00789502 0.06976023613 -0.01299819565 0.002435024786 0.03930559399 4.965098197 0.03 0.01 0.3829618181 1.836270079 0.09267153766 0.8091450107 95.12385544 0.4222241635 2015-01-01 2023-12-31
healthcare SYK IDXX 2.78262603 0.4589319439 0.01242207636 -0.001996642219 0.0003238313053 0.002780404534 4.46241034 0.03 0.01 2.370568798e-11 20.21554971 0.004770312527 0.2544939857 8.640531275 0.04002393162 2015-01-01 2023-12-31
industrials FAST ODFL 0.802853742 0.482985031 0.01196525967 -0.002264227548 0.0004348231847 0.005943650988 3.112971253 0.03 0.01 1.398204334e-07 13.75944132 0.004257094792 0.2427419606 12.69478066 0.04627319183 2015-01-01 2023-12-31
industrials FAST TT 0.73327847 0.4866096423 0.01313731789 -0.002434575115 0.0004561023493 0.004614625461 3.750449422 0.03 0.01 2.437499564e-07 11.42288842 0.008153649179 0.2410081743 15.29149923 0.05042301469 2015-01-01 2023-12-31
industrials FAST CTAS 0.8943986814 0.5021800799 0.01206595191 -0.002461683072 0.0005093067274 0.006056205737 3.053803041 0.03 0.01 4.668190535e-09 13.03707204 0.009375147717 0.2421022079 13.39818396 0.0474125943 2015-01-01 2023-12-31
industrials FAST CARR 1.843678784 0.3836167942 0.004583294282 -0.001141290452 0.0002902363219 0.002521620692 3.230698719 0.03 0.01 0.0002308851378 16.01327096 0.005913040389 0.2049538144 10.9080206 0.03621604168 2015-01-01 2023-12-31
industrials FAST TDG 0.7810393506 0.3819321945 0.02309455905 -0.003450124251 0.0005197710243 0.008401200056 5.011804624 0.03 0.01 4.538333455e-06 12.01146482 0.01600306196 0.265215404 14.54219716 0.05411102494 2015-01-01 2023-12-31
industrials FAST FER 3.523747109 -0.04979759253 0.007825943625 -0.002241007605 0.000651178375 0.003608486274 2.862080829 0.03 0.01 1.112225147e-07 17.84403331 0.02809586922 0.3803082684 9.788879369 0.06366111739 2015-01-01 2023-12-31
industrials RKLB NOC 4.461328832 -0.4766127311 0.04118800516 -0.006745499947 0.001107717411 0.003508140839 5.719309845 0.03 0.01 0.01685646765 9.328524103 -0.03286029207 0.7614469477 18.7246222 0.176286146 2015-01-01 2023-12-31
industrials RKLB LMT 5.807678929 -0.7058942858 0.06468585814 -0.01072746119 0.001782082929 0.003511060723 5.74941321 0.03 0.01 0.002509338149 9.817994934 -0.0187340654 0.7866596679 17.79111628 0.1775253938 2015-01-01 2023-12-31
industrials FERG ODFL 2.15771268 0.5606657337 0.01024150111 -0.001937804955 0.0003714185313 0.003376776635 3.112971253 0.03 0.01 7.610725336e-07 14.21302769 0.005293678192 0.3319031814 12.28964674 0.06225197242 2015-01-01 2023-12-31
industrials FERG ETN 1.284612707 0.7088539007 0.01460625022 -0.002705979962 0.0005059337105 0.004215056766 3.910397178 0.03 0.01 9.50205218e-07 15.41902094 0.008351764272 0.3288768678 11.32841639 0.05922293556 2015-01-01 2023-12-31
industrials FERG TT 1.829810078 0.6078511415 0.01265745353 -0.002343694051 0.0004385552943 0.004011572386 3.750449422 0.03 0.01 4.152591376e-07 12.80874398 0.01054979017 0.3190005061 13.63701935 0.06302648711 2015-01-01 2023-12-31
industrials FERG UPS 2.5096688 0.5277072794 0.01642002693 -0.003345096798 0.000687305335 0.00535739225 4.234392461 0.03 0.01 1.160676865e-06 9.782644476 0.02373217161 0.3289715616 17.85540606 0.07437298685 2015-01-01 2023-12-31
industrials FERG EMR 1.989192771 0.6931784813 0.01272190561 -0.002823922986 0.000633349204 0.004648410404 3.70915414 0.03 0.01 1.406537406e-05 14.12169182 0.01813775662 0.3306249088 12.36913337 0.06221243601 2015-01-01 2023-12-31
industrials FERG PCAR 1.946690961 0.7149234105 0.01036178821 -0.002329133254 0.0005289917432 0.0029282666 3.281774462 0.03 0.01 3.899084659e-06 14.62628084 0.009500423023 0.3315558955 11.94241321 0.06130202244 2015-01-01 2023-12-31
industrials FERG URI 2.151242927 0.4786736446 0.01087841997 -0.001756463053 0.0002868501289 0.003317049842 4.33844072 0.03 0.01 2.935373765e-08 17.34542196 0.009759082306 0.329598015 10.07027041 0.05595992902 2015-01-01 2023-12-31
industrials FERG PWR 2.814774803 0.4365053397 0.009039136312 -0.001709537969 0.0003277380557 0.003069851229 3.246973929 0.03 0.01 3.911938277e-07 12.88768185 0.007674456949 0.3304044524 13.55349174 0.06507939248 2015-01-01 2023-12-31
industrials FERG DE 1.929558767 0.5386728488 0.0147182816 -0.002489295867 0.0004244695203 0.003281593559 4.293334685 0.03 0.01 2.263794518e-07 13.78226256 0.008434703528 0.3399996773 12.67376011 0.06475946427 2015-01-01 2023-12-31
industrials ODFL AME -0.1020140354 1.067772751 0.03172159411 -0.006307676305 0.0012644224 0.01627890925 3.85446764 0.03 0.01 0.0003017112545 7.105425845 0.03630048422 0.2837391261 24.58305713 0.07526779152 2015-01-01 2023-12-31
industrials ODFL EMR 1.44848057 0.853584287 0.01441066427 -0.003199073779 0.0007178288417 0.0063871901 3.70915414 0.03 0.01 2.45012553e-05 10.17405986 0.03535771838 0.3169736887 17.16847472 0.07026856292 2015-01-01 2023-12-31
industrials ODFL ROK 0.7213806647 0.8104035642 0.01622288817 -0.002879836301 0.0005157835644 0.005329800628 4.563440636 0.03 0.01 5.794259729e-10 14.55814913 0.0290758407 0.2949249509 11.99830335 0.05465670368 2015-01-01 2023-12-31
industrials DAL UAL 0.8396579278 0.7445195032 0.00504120021 -0.001319897371 0.0003539800215 0.004083748847 4.051238562 0.03 0.01 9.975872099e-08 9.89511475 0.004319274504 0.2097944999 17.65245719 0.04715944473 2015-01-01 2023-12-31
industrials DAL CARR 1.414700294 0.5591874325 0.008044227291 -0.002008633404 0.0005161820636 0.01416347613 3.230698719 0.03 0.01 0.002007858875 7.75870851 -0.02591180618 0.3492811645 22.5131656 0.08866770148 2015-01-01 2023-12-31
industrials NOC LMT 0.314559336 0.9598102223 0.01572245707 -0.00260350492 0.0004326630161 0.0008677468057 5.126953194 0.03 0.01 1.239741522e-11 20.28982121 -0.0001497335349 0.1728441549 8.608902349 0.02713317336 2015-01-01 2023-12-31
industrials NOC WCN 3.190782255 0.5894918085 0.01097102228 -0.002216510573 0.0004507342941 0.001275844674 3.624011704 0.03 0.01 7.987402068e-13 19.90496345 0.001226852848 0.2549077509 8.775353443 0.04040055686 2015-01-01 2023-12-31
industrials AME TDG 2.480464056 0.3797455156 0.0176789105 -0.00262958627 0.0003939791274 0.003675663381 5.011804624 0.03 0.01 2.6034576e-06 11.83821932 0.01823472158 0.2329577265 14.7550138 0.04787611819 2015-01-01 2023-12-31
industrials AME FER 3.677389898 0.3917477286 0.007510403634 -0.002149567149 0.0006242158863 0.003271812495 2.862080829 0.03 0.01 1.438791234e-07 14.96151027 0.0180332473 0.280539203 11.67483004 0.05128505712 2015-01-01 2023-12-31
industrials NSC LHX 1.902575277 0.6557119859 0.0241896548 -0.004641206434 0.0008990105881 0.01368891401 4.230740304 0.03 0.01 0.0001830529772 6.977720034 0.01213675676 0.2744864619 25.03297476 0.07347661851 2015-01-01 2023-12-31
industrials NSC UNP 0.01935553537 0.990462923 0.02068039738 -0.003857511857 0.0007250491111 0.006411090294 4.313010357 0.03 0.01 8.535592443e-06 10.00593683 -0.001180721212 0.1753705543 17.45694506 0.0392024129 2015-01-01 2023-12-31
industrials NSC HON 0.2313149559 0.976497825 0.0324559376 -0.006222193973 0.001201577702 0.01480048695 4.409949244 0.03 0.01 1.894433928e-05 9.412652809 0.006396197536 0.2285608622 18.55726468 0.05267819044 2015-01-01 2023-12-31
industrials TT EMR 1.487205316 0.8711389536 0.01105946931 -0.002455002509 0.0005502853338 0.003122717508 3.70915414 0.03 0.01 6.62342223e-06 8.704196738 0.01494301027 0.2529594909 20.06768628 0.06062777515 2015-01-01 2023-12-31
industrials TT FER 5.045642734 0.08758128573 0.0118508743 -0.003413088116 0.000997818684 0.008613181072 2.862080829 0.03 0.01 0.0002360105275 7.016984446 0.05432774941 0.3654058878 24.89289963 0.09754056932 2015-01-01 2023-12-31
industrials UPS JCI 3.056850787 0.4607867248 0.006477248091 -0.001622949725 0.0004122260029 0.002172632009 3.389146713 0.03 0.01 4.261146039e-08 11.65834318 0.005002646184 0.2583207743 14.98266836 0.05349656762 2015-01-01 2023-12-31
industrials CTAS UNP 0.5240669966 0.8107509239 0.03397065874 -0.006364700126 0.001202255452 0.01968629749 4.313010357 0.03 0.01 0.0008050233424 6.130289573 0.04714415169 0.2442305256 28.49344838 0.06975003848 2015-01-01 2023-12-31
industrials CTAS WM -0.2906698644 1.01750993 0.01546243157 -0.003025604833 0.0005965844676 0.003486958064 3.861737156 0.03 0.01 2.483393446e-06 13.7467284 0.01182882052 0.2437221448 12.70652074 0.04648151956 2015-01-01 2023-12-31
industrials CTAS TDG -0.2480947836 0.765195267 0.02058145885 -0.003068997003 0.0004612986787 0.006006279864 5.011804624 0.03 0.01 3.833356205e-07 13.75636045 0.002457432231 0.2948123169 12.69762377 0.05620550477 2015-01-01 2023-12-31
industrials CTAS FER 4.269450013 0.1688157435 0.01495373259 -0.004323339075 0.001268458287 0.0131877743 2.862080829 0.03 0.01 0.000248038019 7.215532674 0.07160922093 0.357894711 24.20792718 0.09421196971 2015-01-01 2023-12-31
industrials CMI ROK 1.595558294 0.6750802239 0.01910368478 -0.003390217886 0.0006074532707 0.008580382963 4.563440636 0.03 0.01 0.0002569025134 7.983892552 -0.00147799632 0.2354368624 21.87818641 0.05891855971 2015-01-01 2023-12-31
industrials CMI CARR 3.34115483 0.5179915981 0.004260649846 -0.0010610906 0.0002693223182 0.001788541518 3.230698719 0.03 0.01 0.0001730637538 13.99881007 -0.006716935302 0.2108011669 12.47770979 0.03983936908 2015-01-01 2023-12-31
industrials EMR WM 2.057552808 0.4753909192 0.01920879916 -0.003766118624 0.0007449914231 0.00720749949 3.861737156 0.03 0.01 3.65090248e-06 7.909834904 0.005892227019 0.2698846101 22.08302596 0.06785461844 2015-01-01 2023-12-31
industrials EMR URI 1.887609325 0.4189418661 0.01107788049 -0.001789568509 0.0002924717116 0.003580359663 4.33844072 0.03 0.01 1.37018609e-08 13.88302379 -0.0004700021309 0.2143099868 12.58177557 0.04067104936 2015-01-01 2023-12-31
industrials EMR CARR 2.405417705 0.5239954926 0.00486103514 -0.00121030896 0.000308198457 0.003223659024 3.230698719 0.03 0.01 0.0001242796453 12.77670318 -0.0005236627224 0.197443259 13.67121761 0.03905871131 2015-01-01 2023-12-31
industrials EMR CAT 0.8656118058 0.6507099831 0.01148117079 -0.002062251669 0.000373609312 0.002334519925 4.139035609 0.03 0.01 2.350974558e-09 14.80793729 -0.003607806338 0.2122130216 11.79590959 0.03899507393 2015-01-01 2023-12-31
industrials EMR DE 0.9049193833 0.6048873443 0.01545690409 -0.002613779946 0.0004458158751 0.003998905317 4.293334685 0.03 0.01 5.460187567e-08 11.67885062 -0.004388198308 0.230620356 14.95635959 0.04771803908 2015-01-01 2023-12-31
industrials EMR PH 0.8634690518 0.598447158 0.01352485857 -0.002234844413 0.0003719994685 0.002355884329 4.604159024 0.03 0.01 4.174741656e-08 14.28774422 -0.001866807514 0.1943294905 12.22537909 0.03635313597 2015-01-01 2023-12-31
industrials UNP CARR 3.779974022 0.4020231356 0.004222814079 -0.001051677488 0.000266863395 0.001709248433 3.230698719 0.03 0.01 0.0002471348485 16.11864969 0.001147520365 0.2103768278 10.83670735 0.03705259043 2015-01-01 2023-12-31
industrials HON WM 2.020150503 0.62721448 0.01193938865 -0.002329093344 0.0004568193672 0.001064312294 3.861737156 0.03 0.01 3.753608099e-12 18.678038 0.0009464883071 0.2127536185 9.351790025 0.03480938336 2015-01-01 2023-12-31
industrials HON WCN 2.832161432 0.4852174248 0.01057906456 -0.002136181311 0.0004339682239 0.001031034087 3.624011704 0.03 0.01 4.03744305e-10 18.63743822 0.002909823332 0.2253646083 9.372161958 0.03691285259 2015-01-01 2023-12-31
industrials HON CARR 3.410932109 0.4540183997 0.005270430685 -0.001312151196 0.0003346765073 0.004357887726 3.230698719 0.03 0.01 0.006058206257 8.633443194 -0.006275763492 0.1773180492 20.23214673 0.04267228794 2015-01-01 2023-12-31
industrials ROK CARR 3.620050545 0.5043132388 0.004721722276 -0.001175686484 0.0002991908594 0.002864060777 3.230698719 0.03 0.01 0.003062027131 10.30406151 0.001135267542 0.2369145012 16.9518679 0.05218821284 2015-01-01 2023-12-31
industrials ROK CAT 1.911583851 0.6674799633 0.01203810661 -0.002163247496 0.0003922162755 0.002769618911 4.139035609 0.03 0.01 7.197648098e-06 10.84551426 -0.003527711076 0.2643756673 16.10556081 0.05676510011 2015-01-01 2023-12-31
industrials ROK ITW 0.6083844396 0.9222481438 0.01822468021 -0.003347528834 0.0006194829284 0.004760975439 4.378338211 0.03 0.01 2.227722266e-06 9.828612398 0.003397688274 0.2199943469 17.77189723 0.04961927552 2015-01-01 2023-12-31
industrials PCAR FER 4.082094626 0.08740928641 0.01195196092 -0.003442655379 0.001006589821 0.00875334505 2.862080829 0.03 0.01 9.863387254e-06 8.974008122 0.03714959948 0.3017285502 19.46433379 0.07122101833 2015-01-01 2023-12-31
industrials LMT WCN 3.408795775 0.5303950088 0.01065730106 -0.002152218966 0.0004373144679 0.001076475548 3.624011704 0.03 0.01 6.575503135e-10 19.9944038 0.001498851908 0.2308738239 8.736098922 0.036509465 2015-01-01 2023-12-31
industrials URI PH -1.432341957 1.262283194 0.0240419548 -0.004012251106 0.0006769800623 0.01662956098 4.604159024 0.03 0.01 0.0001101593194 8.511837972 -0.0001365937434 0.3085971103 20.52119531 0.07479372843 2015-01-01 2023-12-31
industrials PWR HWM 3.297155745 0.5018647552 0.006254898377 -0.001577835886 0.0004053428637 0.003332435494 2.859838469 0.03 0.01 3.108294439e-06 10.91273005 0.0312797153 0.3037042966 16.00636034 0.06500836331 2015-01-01 2023-12-31
industrials CARR TDG -4.856564975 1.317754917 0.03491999045 -0.00522137288 0.0007853611005 0.01163249627 5.968703485 0.03 0.01 0.02677191262 7.832902488 -0.02545747678 0.3897664408 22.29991881 0.09847547524 2015-01-01 2023-12-31
industrials CARR GWW -6.06915513 1.512695315 0.03672051944 -0.00553949129 0.0008396338202 0.008067641575 5.765798432 0.03 0.01 0.02177585701 7.034449661 -0.05839162803 0.4110173681 24.83109524 0.1095797015 2015-01-01 2023-12-31
industrials CARR CAT -2.439311163 1.152747069 0.02429247426 -0.004376527408 0.0007962200474 0.01529762027 4.88381294 0.03 0.01 0.01821360371 5.811016676 0.001908810001 0.3412480272 30.05895513 0.1000988506 2015-01-01 2023-12-31
industrials CARR FER -1.332998694 1.550142658 0.1333840867 -0.03985362594 0.01196027868 0.09625908278 3.130543079 0.03 0.01 0.00137113757 11.00203412 0.04521864735 0.8134633644 15.87643591 0.1734149388 2015-01-01 2023-12-31
industrials CARR CSX -2.233350405 1.799519461 0.01510108919 -0.004359077475 0.001274865912 0.01092000523 3.156059995 0.03 0.01 0.01189477825 7.798950043 0.01278929759 0.3991905809 22.39700069 0.1010758072 2015-01-01 2023-12-31
industrials CARR GE 0.4638421552 0.7776744909 0.02443273977 -0.005517012098 0.001271791443 0.06781134928 3.63671064 0.03 0.01 0.1483999429 3.616154386 0.01749056976 0.3119270048 48.3035487 0.1159883834 2015-01-01 2023-12-31
industrials CARR DE -1.538062295 0.9234220637 0.01913579629 -0.003214582357 0.0005462811459 0.01309927443 5.230882001 0.03 0.01 0.006651356495 6.540183517 0.01932751033 0.3164092221 26.70767403 0.08748612235 2015-01-01 2023-12-31
industrials TDG FER 4.906632358 0.5156851362 0.01236013455 -0.003562105716 0.001042038555 0.009325698364 2.862080829 0.03 0.01 4.371416203e-06 9.022553152 0.0527511057 0.4021436573 19.3596077 0.09466762916 2015-01-01 2023-12-31
industrials GWW FER 6.309828548 0.09452011912 0.007854905871 -0.002249403959 0.0006536546895 0.003639875864 2.862080829 0.03 0.01 1.796553938e-06 11.9961988 0.02798870321 0.359946912 14.56070314 0.07348549554 2015-01-01 2023-12-31
industrials CAT PH 1.08832283 0.7390839356 0.01211144128 -0.001997624184 0.0003316001347 0.001457390654 4.604159024 0.03 0.01 3.525496858e-11 14.99128682 0.005104495117 0.2321016339 11.65164082 0.04238807979 2015-01-01 2023-12-31
industrials FER DE 3.474370057 -0.004335810185 0.01647428858 -0.002785043262 0.0004751574589 0.005120242739 4.293334685 0.03 0.01 1.858454412e-09 23.5845213 0.01916302491 0.4328830414 7.406259692 0.0630292358 2015-01-01 2023-12-31
real-estate NLY AGNC 0.7317188642 0.9936218062 0.001382738588 -0.0007224420622 0.0004022305919 0.002112928366 1.639321012 0.03 0.01 1.223181926e-07 26.84780382 -0.0008366728419 0.1730712345 6.506047596 0.02361867394 2015-01-01 2023-12-31
real-estate REXR ELS -0.8307458469 1.121383899 0.01304352211 -0.003131167413 0.0007617780211 0.00792914277 3.216020639 0.03 0.01 1.091535491e-05 11.23698062 0.004698911069 0.2377348269 15.54448614 0.0501479281 2015-01-01 2023-12-31
real-estate REXR WPC -0.9323601784 1.20191828 0.02801823848 -0.007039934739 0.001787357025 0.02322443568 3.487646797 0.03 0.01 0.006341411432 6.958650955 0.0146473418 0.3531382121 25.10157366 0.09466015027 2015-01-01 2023-12-31
real-estate REXR INVH 0.7472639026 0.902349232 0.01090717348 -0.003188300025 0.0009437341776 0.005161244361 2.859547655 0.03 0.01 5.751855203e-06 8.960587333 0.003498857697 0.2568726449 19.49348664 0.06067846994 2015-01-01 2023-12-31
real-estate REXR LAMR 0.1541178456 0.8263514862 0.01234988893 -0.002771278248 0.0006309372998 0.008506320291 3.613311261 0.03 0.01 6.191697657e-07 10.04518332 0.01030480602 0.3867360838 17.38874085 0.08628211137 2015-01-01 2023-12-31
real-estate VICI CUBE 0.8606030544 0.6639266486 0.007501111887 -0.00207821858 0.0005839320232 0.00310214716 3.046681104 0.03 0.01 9.535577012e-06 10.91447214 0.00276201134 0.31052497 16.00380553 0.06646303396 2015-01-01 2023-12-31
real-estate VICI PSA -0.2102608486 0.6261498198 0.02115217214 -0.003836423422 0.0006993407396 0.003212766887 5.017751822 0.03 0.01 5.499156823e-05 9.689215372 0.005650401648 0.3282013375 18.02757837 0.07455573293 2015-01-01 2023-12-31
real-estate VICI GLPI 0.07218120993 0.8642643871 0.006646398151 -0.001798407922 0.0004926679357 0.001884189048 3.076947519 0.03 0.01 4.610967716e-06 31.61796625 0.003442094898 0.2020895426 5.524488455 0.02541334764 2015-01-01 2023-12-31
real-estate CUBE LAMR 1.474840133 0.4722421043 0.01374522377 -0.003087608703 0.0007039224303 0.01099350952 3.613311261 0.03 0.01 2.295125715e-05 7.306964719 0.01789008989 0.2332151762 23.9050134 0.06100610603 2015-01-01 2023-12-31
real-estate UDR CPT -0.1065372799 0.8025030011 0.00950727234 -0.002128753028 0.0004803489927 0.001545810649 3.96321778 0.03 0.01 1.07033008e-10 19.27413409 0.0004397746487 0.148245606 9.062564819 0.02387697991 2015-01-01 2023-12-31
real-estate VMRK ESS -0.3482333396 0.8075010987 0.01214826328 -0.002267843332 0.0004253926072 0.0009935485691 5.05476367 0.03 0.01 3.321258166e-12 21.28207917 9.706153311e-05 0.1241604415 8.207519955 0.01903098308 2015-01-01 2023-12-31
real-estate ELS AMT -0.5333982174 0.9052858856 0.02132277085 -0.00411880349 0.0008019095119 0.007572486638 4.345266524 0.03 0.01 2.116423101e-06 12.88648119 -0.003564572088 0.2566031677 13.55475454 0.05054519115 2015-01-01 2023-12-31
real-estate OHI WPC 1.123171974 0.5424196246 0.009947658401 -0.002508868673 0.0006393743584 0.003021216971 3.487646797 0.03 0.01 2.269444528e-07 16.55239986 0.004338704261 0.349058449 10.55273501 0.06066702133 2015-01-01 2023-12-31
real-estate OHI CSGP 2.025463625 0.2785580084 0.01039519166 -0.002340670343 0.0005339481371 0.004306808153 2.977346577 0.03 0.01 0.0005021394039 14.09272012 0.005363268195 0.3770885284 12.39456173 0.07102821644 2015-01-01 2023-12-31
real-estate OHI EGP 1.665621475 0.3139411416 0.01427482483 -0.002807863425 0.0005574660156 0.004346418002 3.819015674 0.03 0.01 0.0002579844771 13.14387105 0.004647019672 0.3544574676 13.28931856 0.06913333181 2015-01-01 2023-12-31
real-estate OHI EQIX 3.13935353 0.01760755216 0.02243131617 -0.003392339531 0.0005159047008 0.004019240882 5.506111287 0.03 0.01 0.0002787133666 14.27479841 0.01134898192 0.393516907 12.23646629 0.07364841527 2015-01-01 2023-12-31
real-estate OHI AMT 2.45681524 0.1545402971 0.0171206353 -0.003298880844 0.0006404381065 0.004453534223 4.345266524 0.03 0.01 0.0009088644783 12.85335587 0.008409063786 0.373811027 13.58968749 0.0737273874 2015-01-01 2023-12-31
real-estate OHI GLPI 1.413184972 0.5042137432 0.007786658667 -0.00210811733 0.0005799285639 0.004073274373 2.77646811 0.03 0.01 0.001288665425 15.48734182 0.004152004057 0.3257045388 11.2784422 0.0585221632 2015-01-01 2023-12-31
real-estate RHP HST 1.279818316 1.181127101 0.004850965003 -0.001765793193 0.0006631029486 0.006320269749 2.421422647 0.03 0.01 7.973543771e-05 8.126113051 0.01233864162 0.3651957691 21.49528174 0.09058771596 2015-01-01 2023-12-31
real-estate FR PLD -0.315042746 0.8747140544 0.007212025079 -0.001519943198 0.0003230189795 0.0009385422538 3.497489299 0.03 0.01 2.106763053e-16 27.23406461 -0.003090105428 0.1540687554 6.413772312 0.02087581045 2015-01-01 2023-12-31
real-estate FR INVH 0.8292757015 0.874100675 0.007493254296 -0.002187264402 0.0006461093221 0.002232221317 2.859547655 0.03 0.01 1.4043835e-05 16.06663799 0.002550337143 0.2082161745 10.87178846 0.03673135597 2015-01-01 2023-12-31
real-estate FR AMH 0.7264187487 0.8835071263 0.007946227929 -0.002266497214 0.0006572740174 0.004627389841 2.690488718 0.03 0.01 9.292312948e-08 11.28419228 0.006795369006 0.187234715 15.47944994 0.03941269543 2015-01-01 2023-12-31
real-estate FR EGP -0.9268422797 0.9311020919 0.01236578536 -0.002430307141 0.0004816170486 0.002616891315 3.819015674 0.03 0.01 4.894905337e-09 16.84791517 -0.004544265493 0.129700929 10.36763824 0.02234369556 2015-01-01 2023-12-31
real-estate FR LAMR 0.7841263391 0.6791559977 0.01127450066 -0.002527233036 0.0005745296788 0.006728662623 3.613311261 0.03 0.01 1.547264426e-07 12.6669886 0.007846857031 0.2695621392 13.78963027 0.05355588574 2015-01-01 2023-12-31
real-estate EXR INVH 1.729166977 0.8962170387 0.0105397631 -0.003080588601 0.0009117306877 0.004800371516 2.859547655 0.03 0.01 0.001768027375 7.731943626 0.008670208038 0.2540189279 22.59109713 0.06459616593 2015-01-01 2023-12-31
real-estate EXR LAMR 2.556838804 0.4998130916 0.01478138315 -0.003322352295 0.0007580097829 0.01295694811 3.613311261 0.03 0.01 0.0007436660548 6.495532909 0.02261542924 0.254397549 26.89126388 0.07058144271 2015-01-01 2023-12-31
real-estate WPC SUI 0.9770486204 0.6281745393 0.01275934137 -0.002698870881 0.000575803013 0.003266919813 3.918083784 0.03 0.01 7.776188792e-07 17.29923267 0.001911095439 0.2238482255 10.09715823 0.038056184 2015-01-01 2023-12-31
real-estate CBRE INVH 0.764126726 1.069699725 0.0141311936 -0.004133565944 0.001224529063 0.008781541219 2.859547655 0.03 0.01 0.0005925730857 9.455750437 0.002924795443 0.3509945243 18.47268397 0.08071185759 2015-01-01 2023-12-31
real-estate CBRE LAMR 1.845127329 0.5752667053 0.01582763347 -0.003559289304 0.0008125528054 0.01503060064 3.613311261 0.03 0.01 7.995768932e-05 6.13919061 0.03025166355 0.2933920173 28.45213654 0.08372935326 2015-01-01 2023-12-31
real-estate CBRE GLPI 2.136846801 0.6136092526 0.01366012023 -0.00369551311 0.001017972859 0.01572646461 2.77646811 0.03 0.01 0.002546722942 5.388648361 0.02515794195 0.2909593221 32.41500981 0.08862930754 2015-01-01 2023-12-31
real-estate WELL LAMR 1.786831623 0.5919310158 0.01023217039 -0.002290394554 0.0005196817349 0.005140845262 3.613311261 0.03 0.01 0.005290547365 10.13816326 0.004250361601 0.3117896519 17.22926382 0.06924159429 2015-01-01 2023-12-31
real-estate WY IRM 1.042374906 0.5729479028 0.008529533687 -0.002079369397 0.0005142609542 0.003805964583 2.935274618 0.03 0.01 1.103356754e-06 11.12645844 -0.006247366277 0.3026554682 15.6988938 0.0641586256 2015-01-01 2023-12-31
real-estate PLD INVH 1.560239476 0.9215791287 0.00890527172 -0.00260137612 0.000769296369 0.003326607408 2.859547655 0.03 0.01 2.390804181e-06 9.763815804 0.006811520378 0.2407393952 17.88983867 0.05447815343 2015-01-01 2023-12-31
real-estate PLD EGP -0.2432488341 0.9756272169 0.01038659582 -0.00203827554 0.0004027707548 0.001304953718 3.819015674 0.03 0.01 9.95353362e-09 21.74889366 0.0005932874758 0.1681589226 8.03135517 0.02549683852 2015-01-01 2023-12-31
real-estate PLD LAMR 1.824156656 0.6443610681 0.01019914039 -0.002282883732 0.000517940424 0.005092961995 3.613311261 0.03 0.01 2.428315782e-06 10.834655 0.01452732597 0.2834217963 16.12170296 0.06088505533 2015-01-01 2023-12-31
real-estate CTRE CSGP 0.3997400712 0.5754003872 0.01609082246 -0.003632473051 0.0008332064864 0.0152984607 2.977346577 0.03 0.01 0.0004646410942 7.102590699 -0.01504672226 0.389951001 24.59286997 0.1034633765 2015-01-01 2023-12-31
real-estate CTRE ADC 0.1342111544 0.7104967059 0.01116040404 -0.002789438568 0.0007077232887 0.007438172217 3.189600453 0.03 0.01 0.001037131227 8.138285412 0.01117033326 0.3128366392 21.46313144 0.07754184951 2015-01-01 2023-12-31
real-estate CCI SUI 1.328761622 0.6802907676 0.01000211491 -0.002110145832 0.0004485510365 0.001565795145 3.918083784 0.03 0.01 4.302468213e-09 18.79225844 8.877245703e-05 0.2240895632 9.294949305 0.0365525049 2015-01-01 2023-12-31
real-estate INVH MAA 0.005147740542 0.7146562676 0.01291876502 -0.002710501833 0.0005720662618 0.001666613444 4.286162519 0.03 0.01 1.466263088e-07 16.03634447 0.005822918819 0.211023636 10.89232585 0.03726176441 2015-01-01 2023-12-31
real-estate INVH AMH 0.6645461446 0.7868012322 0.008084717153 -0.002311284936 0.0006672878042 0.001773980625 2.899117353 0.03 0.01 4.746597422e-08 13.86112385 0.004795329509 0.2074014349 12.6016542 0.03939104815 2015-01-01 2023-12-31
real-estate INVH EGP 0.3332055797 0.60399915 0.009138646983 -0.001789661405 0.0003523628735 0.0006683597226 4.203895737 0.03 0.01 2.564417199e-07 22.08541051 0.001527825754 0.2273371467 7.908980883 0.03420602974 2015-01-01 2023-12-31
real-estate INVH LAMR 1.318157174 0.4651510962 0.007845131931 -0.001743367658 0.0003912427684 0.001669128602 3.846690152 0.03 0.01 3.55285005e-10 20.01330493 0.005072867054 0.252288277 8.727848304 0.03987701729 2015-01-01 2023-12-31
real-estate MAA LAMR 1.992778416 0.6257970772 0.01181971554 -0.002650995278 0.0006031480694 0.007613559702 3.613311261 0.03 0.01 3.069848216e-05 9.688594238 0.001709973235 0.2347172459 18.02873412 0.05332116369 2015-01-01 2023-12-31
real-estate VTR HST 1.50939491 0.8328619899 0.006195506951 -0.002262902386 0.0008539004201 0.01120135762 2.421422647 0.03 0.01 0.00100437566 7.1118173 -0.007945093164 0.3527481569 24.56096412 0.09353183608 2015-01-01 2023-12-31
real-estate AMH LAMR 0.8301091492 0.5950311343 0.01082373692 -0.002424851349 0.0005508337635 0.006024372624 3.613311261 0.03 0.01 1.959613056e-07 12.49819567 0.002172485604 0.2804150138 13.97586453 0.05608705089 2015-01-01 2023-12-31
real-estate EGP LAMR 2.121025823 0.6638039292 0.009825114944 -0.002197805364 0.000498207095 0.004562086205 3.613311261 0.03 0.01 2.049946934e-06 14.23930399 0.01323802343 0.2819329762 12.26696822 0.05283071607 2015-01-01 2023-12-31
real-estate EGP GLPI 2.488134851 0.7025659273 0.01129995015 -0.003057695194 0.0008423122839 0.01058834449 2.77646811 0.03 0.01 0.0002087882319 9.640563323 0.01578867164 0.2837600299 18.11855632 0.06462268785 2015-01-01 2023-12-31
real-estate SBAC SUI 3.218091049 0.4605909871 0.01621147971 -0.003433151103 0.0007338942299 0.006191421185 3.918083784 0.03 0.01 5.611397493e-05 8.658196895 0.01763899609 0.2482283577 20.17430322 0.05965167831 2015-01-01 2023-12-31
real-estate HST LAMR 0.5321315451 0.4813593963 0.01534710348 -0.003450476587 0.0007875096062 0.01406728426 3.613311261 0.03 0.01 0.0015449473 9.211471354 0.0006345617722 0.3118881445 18.96256122 0.07266401082 2015-01-01 2023-12-31
real-estate HST GLPI 0.66182699 0.5460648255 0.01181906783 -0.00319796463 0.0008809666234 0.01167219135 2.77646811 0.03 0.01 8.533004915e-06 9.171344296 -0.005940585939 0.3146993144 19.04552744 0.07347917986 2015-01-01 2023-12-31
real-estate AMT SUI 1.58660012 0.7658147251 0.01062872524 -0.002244068295 0.0004775252961 0.001899865669 3.918083784 0.03 0.01 1.368973667e-10 18.01407618 0.002486664039 0.2294339522 9.696477786 0.03822404916 2015-01-01 2023-12-31
real-estate LAMR GLPI 1.321908684 0.8455226308 0.01134641153 -0.003070249204 0.0008457725062 0.01068423409 2.77646811 0.03 0.01 0.0001374830985 11.63747045 0.003969512306 0.2919203824 15.00954096 0.0605090209 2015-01-01 2023-12-31
technology MPWR SNPS -0.3463614798 1.062354766 0.01936579602 -0.003118322583 0.0005087717144 0.01217359571 3.94288383 0.03 0.01 1.171541063e-06 10.94656622 -0.01088187456 0.3285289989 15.95688419 0.07021336028 2015-01-01 2023-12-31
technology MPWR ACN -1.705888225 1.389309716 0.02430122685 -0.004230828357 0.0007420258466 0.007874763793 4.488390824 0.03 0.01 1.425068174e-06 9.927523274 0.005889908076 0.3929758667 17.59483052 0.08819225062 2015-01-01 2023-12-31
technology MPWR KLAC 2.744907485 0.8943077146 0.006077405758 -0.001524039715 0.000395320925 0.007924988447 1.728141269 0.03 0.01 5.988469575e-06 8.306478225 0.003199214755 0.3140944279 21.02853758 0.07706137763 2015-01-01 2023-12-31
technology MPWR AAPL 1.243804849 0.9579439241 0.02300134243 -0.004427679439 0.0008693637368 0.04223697115 3.246482184 0.03 0.01 6.392066014e-05 6.707246734 0.02675802107 0.3660044644 26.04244281 0.09993077226 2015-01-01 2023-12-31
technology MPWR MSFT -0.717900112 1.194236759 0.01508620062 -0.002568508523 0.00044146662 0.004096182408 3.815060453 0.03 0.01 2.995771963e-09 13.68015961 -0.006291099463 0.3602059136 12.76835172 0.06886368494 2015-01-01 2023-12-31
technology MPWR ADI -0.6461493514 1.333083891 0.02636079068 -0.005095342116 0.0009954051108 0.01904633673 3.916036541 0.03 0.01 2.294764664e-05 6.937243734 0.02673702258 0.3073700149 25.17903309 0.08251882279 2015-01-01 2023-12-31
technology MPWR APH 1.983918561 1.387060069 0.00918397258 -0.002947023879 0.0009710140923 0.01439998295 1.88588853 0.03 0.01 1.533898174e-05 7.658780798 0.01534025944 0.358788106 22.80690545 0.09167337489 2015-01-01 2023-12-31
technology MPWR SNOW 4.618862896 0.315284375 0.01682165976 -0.003229978318 0.0006274439322 0.01052876368 5.549963106 0.03 0.01 0.02249522624 8.181781676 0.06279530285 0.4519567517 21.34902842 0.1117269485 2015-01-01 2023-12-31
technology MPWR CDNS 0.606912289 1.020474514 0.01173897897 -0.002109044823 0.0003850001136 0.006196436874 3.11250347 0.03 0.01 2.813838577e-08 12.45347238 -0.009307399711 0.3349986186 14.02605507 0.0671247664 2015-01-01 2023-12-31
technology SNPS KLAC 3.38382055 0.7216280599 0.006367736694 -0.001598876035 0.0004158516589 0.009449779649 1.728141269 0.03 0.01 6.407701309e-07 9.159026254 0.02123669545 0.2399622226 19.07114192 0.05606647163 2015-01-01 2023-12-31
technology SNPS ADI 1.089122436 0.9973924319 0.01374629886 -0.002648537771 0.0005145610361 0.003241147307 3.916036541 0.03 0.01 3.00160449e-10 15.56814597 0.0178985423 0.274416644 11.21990312 0.04917869538 2015-01-01 2023-12-31
technology SNPS CDNS 1.342006893 0.8819204967 0.01048068178 -0.0018789424 0.0003415769903 0.003782954167 3.11250347 0.03 0.01 2.580815522e-09 13.5074895 0.003383333112 0.1557366179 12.93157322 0.02996321577 2015-01-01 2023-12-31
technology AMAT TEL -3.187475782 1.678387442 0.03535119948 -0.00729423539 0.001522063363 0.04113214818 3.977226648 0.03 0.01 0.0003207935409 5.499720574 0.01290453615 0.4143022673 31.76035712 0.124920007 2015-01-01 2023-12-31
technology AMAT SNOW 3.620947598 0.2395047707 0.05793160107 -0.01118382607 0.002180028748 0.08581227649 5.549963106 0.03 0.01 0.1450806229 4.306273313 0.10370075 0.3835028664 40.56247172 0.130678103 2015-01-01 2023-12-31
technology QCOM CRWD 3.644317234 0.2857687741 0.005146329153 -0.001288465592 0.0003354289272 0.01017039335 2.827042785 0.03 0.01 0.009038527809 6.170449515 0.009573281792 0.3576677351 28.30800075 0.1018137339 2015-01-01 2023-12-31
technology QCOM DDOG 2.907638654 0.3989515615 0.007542836932 -0.001600235022 0.0003490135088 0.01166409375 3.9637533 0.03 0.01 0.009376717489 7.276378001 0.01566761077 0.3635333506 24.00549964 0.09529533374 2015-01-01 2023-12-31
technology QCOM NET 3.38214189 0.3233224945 0.005534985441 -0.001277063537 0.0003080062878 0.0150744966 3.190836753 0.03 0.01 0.005343350026 7.811090532 -0.0006391571462 0.3573484276 22.36218986 0.09041095194 2015-01-01 2023-12-31
technology QCOM SNOW 3.175242857 0.3109581648 0.01143891653 -0.002186740743 0.000422772799 0.004639783775 5.549963106 0.03 0.01 0.006568825052 10.54471253 0.008140593404 0.3550536672 16.56499303 0.07731462124 2015-01-01 2023-12-31
technology PLTR INTC -2.763585913 1.507111781 0.05023333367 -0.01394084223 0.003915205829 0.09774593131 3.916359849 0.03 0.01 0.1834380031 3.787507065 0.008703801092 0.7011561138 46.11822143 0.2547551672 2015-01-01 2023-12-31
technology PLTR ADBE -6.767006246 1.520656008 0.152964822 -0.02475838357 0.004024407753 0.1186147429 6.205948533 0.03 0.01 0.06530914256 5.980665212 -0.1130656306 0.6326004475 29.20629785 0.1829109692 2015-01-01 2023-12-31
technology PLTR SHOP -0.4553858508 0.7566372578 0.01477491998 -0.003468554329 0.0008475155988 0.08916369412 4.767342902 0.03 0.01 0.08519497316 5.586738476 0.04559095332 0.572379001 31.26566426 0.1712338114 2015-01-01 2023-12-31
technology PLTR CRM -6.309264456 1.679686246 0.1299644432 -0.02439453168 0.004599296962 0.09331513453 5.430886024 0.03 0.01 0.2993029925 4.161315412 -0.08740340358 0.6839205131 41.97545059 0.2370692985 2015-01-01 2023-12-31
technology PANW DELL 2.147090401 0.6516307686 0.01040937937 -0.002503428583 0.0006204190464 0.02364487818 2.824953531 0.03 0.01 3.398362591e-05 7.608749743 0.04912418954 0.3775210633 22.95687142 0.09677641715 2015-01-01 2023-12-31
technology ACN KLAC 3.851804765 0.4790236647 0.005426035251 -0.00135666096 0.0003496201593 0.005067199459 1.728141269 0.03 0.01 1.373051142e-08 12.20264986 0.005037787549 0.2212992063 14.31435725 0.0447958502 2015-01-01 2023-12-31
technology ACN INTU 1.244533458 0.7136041393 0.01835119999 -0.002906926827 0.0004640342129 0.004383248874 4.547958707 0.03 0.01 2.358832754e-10 15.42627539 -0.004348376219 0.215338934 11.32308902 0.0387683235 2015-01-01 2023-12-31
technology ACN MRVL 4.289615766 0.3580119609 0.006975076975 -0.001719220024 0.0004387616113 0.01298206008 2.396203928 0.03 0.01 8.626804218e-06 8.980013459 0.03310695281 0.22795454 19.45131712 0.05378915905 2015-01-01 2023-12-31
technology ACN LRCX 3.923421092 0.430556343 0.006009186798 -0.001409035797 0.0003407345398 0.006442408054 1.988149933 0.03 0.01 8.070823957e-08 10.91374979 0.008684269485 0.222856228 16.00486476 0.0477004835 2015-01-01 2023-12-31
technology ACN MSFT 1.701130457 0.6902504037 0.01368378719 -0.002326210656 0.0003987872092 0.00265882148 3.815060453 0.03 0.01 1.058301282e-10 15.90223186 -0.001338154449 0.1928072653 10.98418707 0.03418844565 2015-01-01 2023-12-31
technology ACN ADI 2.394657843 0.6461993139 0.01851806552 -0.003574739083 0.0006967983773 0.007913808371 3.916036541 0.03 0.01 3.718486556e-06 9.51716036 0.01468813387 0.2156578652 18.35348811 0.0494306829 2015-01-01 2023-12-31
technology KLAC AVGO 0.3086528152 0.8017625697 0.008215997581 -0.001805440581 0.0004075765321 0.00959965972 2.406650974 0.03 0.01 2.930621277e-07 9.55342777 0.01493815443 0.3091714585 18.28381328 0.07073018347 2015-01-01 2023-12-31
technology KLAC ORCL -1.288498165 1.110268166 0.03072076032 -0.006593256838 0.001430512354 0.02787097963 3.530943342 0.03 0.01 1.581499099e-05 7.412927599 0.03591228924 0.4300058347 23.5633071 0.1116771884 2015-01-01 2023-12-31
technology KLAC CDNS -0.8552980004 0.8634561479 0.01306112461 -0.002351801749 0.000431062188 0.009555275315 3.11250347 0.03 0.01 9.224179874e-06 7.981517808 0.0006004276747 0.3096970725 21.88469583 0.07751385903 2015-01-01 2023-12-31
technology CRWD MRVL -0.5758026124 1.099038692 0.01410705822 -0.003493435509 0.0008881517589 0.03613990627 3.238830767 0.03 0.01 0.05332426832 4.896199159 -0.006594963753 0.6329439707 35.67524193 0.2022649968 2015-01-01 2023-12-31
technology CRWD NET 0.8132351315 0.7185769906 0.005820306092 -0.001343843229 0.000325065149 0.01835565079 3.190836753 0.03 0.01 0.07859079839 4.559878572 0.0003192311635 0.4541923194 38.30652215 0.1504001084 2015-01-01 2023-12-31
technology CRWD GLW -1.293467031 1.489722705 0.03950583147 -0.0115628627 0.00342724096 0.06847080807 3.122318275 0.03 0.01 0.2007502117 2.607372365 0.108517707 0.5974277442 66.99200002 0.2616187463 2015-01-01 2023-12-31
technology CRWD NOW -2.577974863 1.343194312 0.02679861101 -0.00561069937 0.001192445062 0.04369906529 4.10509108 0.03 0.01 0.1206764595 4.112496026 0.01669362476 0.4826335814 42.47374062 0.1682866996 2015-01-01 2023-12-31
technology CRWD MU -1.554086944 1.259863626 0.03830833428 -0.00901452451 0.002149146318 0.06896037594 3.828986472 0.03 0.01 0.1153075311 3.251370369 0.05761301976 0.6129558311 53.72291362 0.2403703862 2015-01-01 2023-12-31
technology HPE SNOW 2.850777632 -0.02898004986 0.03547572302 -0.006851231018 0.001337452118 0.039829038 5.549963106 0.03 0.01 0.05821862063 6.379740941 0.05626781194 0.3249251384 27.37933893 0.09096342259 2015-01-01 2023-12-31
technology ADP ADI 2.58546482 0.5395626242 0.01242743927 -0.002391811075 0.000463888584 0.002282617484 3.916036541 0.03 0.01 4.863266001e-08 15.0476646 0.005984817155 0.23421613 11.60798663 0.0426940399 2015-01-01 2023-12-31
technology ADP SNOW 5.220984416 0.03117478881 0.01840020333 -0.003536289162 0.000687559645 0.01254013895 5.549963106 0.03 0.01 0.06160866284 5.765359382 0.03304914797 0.2292424043 30.29699936 0.06750979121 2015-01-01 2023-12-31
technology ADP MSI 1.924184451 0.6057367702 0.01476477846 -0.002584251583 0.0004553352406 0.002198703941 4.081532514 0.03 0.01 1.747528552e-08 15.46773819 0.001696638822 0.2244800509 11.29273636 0.04035983184 2015-01-01 2023-12-31
technology INTU MSFT 1.984028292 0.7380985921 0.01469423608 -0.002500727295 0.0004295147841 0.003659328091 3.815060453 0.03 0.01 5.596924207e-07 13.34488879 0.009871788638 0.2420968674 13.08913789 0.04686155468 2015-01-01 2023-12-31
technology INTU ADI 2.401946534 0.7565856879 0.01336462523 -0.002574284815 0.0004999131515 0.002946869669 3.916036541 0.03 0.01 4.089373129e-10 14.81668776 0.01625535095 0.272299895 11.78894314 0.05002152313 2015-01-01 2023-12-31
technology INTU NOW 3.186407203 0.6405938222 0.01052639942 -0.002163777104 0.0004535827889 0.008295452952 2.712991073 0.03 0.01 2.156756115e-05 10.31452793 0.01633679686 0.2494837984 16.9346664 0.05492912383 2015-01-01 2023-12-31
technology DDOG MRVL -0.3514698964 1.24255394 0.01173759157 -0.002896837886 0.0007348562699 0.02760508777 3.325031713 0.03 0.01 1.426562769e-05 16.34110919 -0.04424951945 0.6943732006 10.68918196 0.1214610936 2015-01-01 2023-12-31
technology DDOG NET 1.700942876 0.6886210539 0.005928377571 -0.001368895693 0.0003314434752 0.01980170244 3.202433841 0.03 0.01 0.03448199005 5.49443124 -0.015637634 0.4491486398 31.79093192 0.1354920206 2015-01-01 2023-12-31
technology DDOG NOW -2.456124424 1.473946592 0.01398270106 -0.00288079223 0.0006028303026 0.01292963152 4.212592235 0.03 0.01 0.0001775104916 12.71827545 -0.02540822181 0.5289234168 13.73402316 0.1048729981 2015-01-01 2023-12-31
technology DDOG AMD -0.2182887001 1.025352559 0.01823855708 -0.003846639596 0.0008312584404 0.05202541616 3.931291304 0.03 0.01 0.0007131785496 10.31980569 -0.04040539544 0.5825348637 16.92600566 0.1282245443 2015-01-01 2023-12-31
technology DDOG TER -1.081342594 1.231682587 0.02868811338 -0.006188507782 0.001354745617 0.04881900862 4.207779579 0.03 0.01 0.0460499644 4.975261703 -0.01845341925 0.6474528642 35.10832192 0.2052509584 2015-01-01 2023-12-31
technology STX MRVL 1.706242893 0.620901956 0.01003339097 -0.002480159543 0.0006393120196 0.03889335681 2.396203928 0.03 0.01 0.008615270221 3.704136218 -0.001564504681 0.3550965192 47.15622732 0.1304631748 2015-01-01 2023-12-31
technology MRVL TEL -2.462314472 1.33564254 0.02659129287 -0.00548091695 0.001142039354 0.02180663878 3.977226648 0.03 0.01 1.792819373e-05 7.546925983 0.01485994707 0.413937948 23.14493211 0.1065455215 2015-01-01 2023-12-31
technology MRVL NET 1.997150286 0.4713575 0.005217124083 -0.00120257234 0.0002889804666 0.01183537246 3.190836753 0.03 0.01 0.0005524146226 11.00979242 0.006664240935 0.4639601559 15.86524821 0.09887263817 2015-01-01 2023-12-31
technology LRCX ADI -2.740507354 1.346545639 0.01673812009 -0.003229585931 0.0006289690414 0.005970665599 3.916036541 0.03 0.01 2.326033463e-06 7.867691822 0.01386632194 0.3144109828 22.2013131 0.07926090744 2015-01-01 2023-12-31
technology CIEN UBER 3.342749394 0.1169169283 0.008985383006 -0.002258232745 0.0005824290641 0.01486670867 3.51002665 0.03 0.01 0.006957202691 6.299776391 -0.00592350371 0.3757984658 27.72687135 0.105871103 2015-01-01 2023-12-31
technology CIEN NET 3.128360151 0.1574946054 0.005161182731 -0.001189451663 0.0002856312554 0.01131274467 3.190836753 0.03 0.01 0.004006803104 7.406764254 -0.009316944297 0.3412704691 23.58291469 0.08866851818 2015-01-01 2023-12-31
technology CIEN NOW 2.046190885 0.3615898669 0.01089632016 -0.002242196356 0.0004707711515 0.009384869463 2.712991073 0.03 0.01 4.278130658e-06 8.520883519 -0.009303737756 0.3663692675 20.49941055 0.08874864358 2015-01-01 2023-12-31
technology CIEN SNOW 2.71858322 0.2106532202 0.02096782639 -0.004034795087 0.0007854055527 0.01603653755 5.549963106 0.03 0.01 0.02702255808 6.493589423 -0.006374780882 0.3511978996 26.89931225 0.09745283983 2015-01-01 2023-12-31
technology CIEN SHOP 3.043450126 0.179726979 0.00394997662 -0.0009245472729 0.0002320988516 0.01182994685 1.346984274 0.03 0.01 9.416637019e-06 9.418028775 0.005727140547 0.3748803382 18.54667189 0.086376909 2015-01-01 2023-12-31
technology CIEN KEYS 1.53286246 0.4567088441 0.01533819687 -0.003083564749 0.0006284595987 0.01011406875 3.453291226 0.03 0.01 8.92554208e-06 8.046822641 -0.00233457894 0.3498185619 21.70708829 0.08719982987 2015-01-01 2023-12-31
technology MSFT ADI 1.334714915 0.871588715 0.02159674416 -0.004171464347 0.0008139703786 0.01178868754 3.916036541 0.03 0.01 8.021685634e-06 8.121430546 0.03195832548 0.2505760942 21.5076751 0.06217393721 2015-01-01 2023-12-31
technology ADI APH 2.349240365 0.9095446537 0.005327051537 -0.001692116625 0.0005492613657 0.003290622518 1.88588853 0.03 0.01 7.783461622e-06 17.83088561 -0.0001645734136 0.243587543 9.796097251 0.04078999199 2015-01-01 2023-12-31
technology ADI DELL 3.407579915 0.4194970258 0.005396167672 -0.001264836168 0.0003016067906 0.00206068059 2.824953531 0.03 0.01 2.374362119e-08 16.70397107 0.00263392196 0.314319361 10.45697988 0.05438088492 2015-01-01 2023-12-31
technology ADI ORCL 1.727503385 0.7362269987 0.02191185675 -0.00468267521 0.001011161451 0.01289320814 3.530943342 0.03 0.01 1.000344686e-07 12.50706227 0.00316247785 0.3406024624 13.96595665 0.06810125721 2015-01-01 2023-12-31
technology ADI SNOW 4.56670593 0.1143439964 0.01926058722 -0.003703301333 0.0007203397527 0.01368209881 5.549963106 0.03 0.01 0.004988919745 10.42161423 0.03646946973 0.2742899295 16.76065585 0.06007964649 2015-01-01 2023-12-31
technology ADI CDNS 2.046090945 0.5618998387 0.01229912675 -0.002211766909 0.0004044600579 0.007512112403 3.11250347 0.03 0.01 2.028571453e-09 15.45708522 -0.006785946642 0.2529098707 11.30051927 0.04548696714 2015-01-01 2023-12-31
technology ADI KEYS 2.013808636 0.6350342468 0.01553142828 -0.003122220505 0.0006363430571 0.01046808047 3.453291226 0.03 0.01 5.336684123e-07 10.87155077 0.004750219626 0.2583803946 16.06698927 0.05541136008 2015-01-01 2023-12-31
technology ADI MSI 1.218975977 0.6943751332 0.02348752502 -0.004131198204 0.0007331960515 0.01005235845 4.081532514 0.03 0.01 1.866567366e-06 12.38254563 0.001571100451 0.3010188056 14.10639579 0.06048861795 2015-01-01 2023-12-31
technology TEL SNOW 3.686680546 0.222070464 0.01821801615 -0.003500929045 0.0006806195866 0.01230235106 5.549963106 0.03 0.01 0.02295213378 7.607195883 0.02273400937 0.2466310242 22.96156063 0.0632295963 2015-01-01 2023-12-31
technology APH AVGO 0.870974057 0.4907875428 0.006383272237 -0.001388776672 0.0003081267344 0.003061322377 2.406650974 0.03 0.01 1.026525394e-07 11.05123565 0.002814010765 0.1921738121 15.80575195 0.04087650797 2015-01-01 2023-12-31
technology APH DELL 1.146122753 0.4650522138 0.005717392653 -0.001341488818 0.0003206806006 0.002715731952 2.824953531 0.03 0.01 9.369508176e-08 11.93467123 0.003322276455 0.2455136736 14.63576886 0.05025224367 2015-01-01 2023-12-31
technology NET CSCO -5.463369638 2.516117779 0.1373142091 -0.03573917204 0.009344291893 0.1086209457 3.605638713 0.03 0.01 0.2006196233 2.29776589 0.1075661033 0.8763225972 76.01866241 0.4087861036 2015-01-01 2023-12-31
technology NET SNOW -1.43693749 1.097327221 0.04332452708 -0.008370264574 0.001633938995 0.05488447941 5.549963106 0.03 0.01 0.03106744991 5.33144145 0.06275400573 0.5910864143 32.76282618 0.1810146219 2015-01-01 2023-12-31
technology NET TER -4.264399953 1.841204486 0.029812108 -0.006431068623 0.001407747933 0.05208525094 4.202831939 0.03 0.01 0.01997289587 6.211278475 0.03467447881 0.8354429293 28.12192211 0.2370343516 2015-01-01 2023-12-31
technology AVGO ORCL -1.218993224 1.213371904 0.03485539702 -0.007499559821 0.001631465878 0.03679468772 3.530943342 0.03 0.01 2.802943971e-05 7.151566751 0.02764004798 0.4281428956 24.4244507 0.1132069646 2015-01-01 2023-12-31
technology GLW SNOW 3.208302547 0.02486466127 0.01640860193 -0.003149851295 0.0006117198644 0.01002138008 5.549963106 0.03 0.01 0.003446125867 11.27629769 -0.01435165732 0.2905484223 15.49028717 0.06118151927 2015-01-01 2023-12-31
technology TXN SNOW 4.528912802 0.09083831425 0.01635042878 -0.003138567481 0.0006095055914 0.009950580661 5.549963106 0.03 0.01 0.00293505447 11.04026068 0.006727522583 0.2618069329 15.82146424 0.05571555759 2015-01-01 2023-12-31
technology DELL ORCL -1.137570435 1.134338252 0.02002536398 -0.004275619189 0.0009225512265 0.01138730932 3.67438243 0.03 0.01 1.34287744e-05 8.712955054 -0.001684892707 0.4469046817 20.04751412 0.1070575178 2015-01-01 2023-12-31
technology SNOW TER 2.424284742 0.5886515714 0.02991555377 -0.006477173618 0.001414676503 0.01906697612 4.724363284 0.03 0.01 0.06352837956 6.40194702 -0.0229145595 0.5940374671 27.28436973 0.1660132692 2015-01-01 2023-12-31
technology SNOW SHOP 3.128568795 0.4837872013 0.007797506738 -0.001810074119 0.0004350518828 0.01922525961 4.747828 0.03 0.01 0.007006439624 10.27241219 -0.003701387882 0.5187692422 17.00409663 0.1144518988 2015-01-01 2023-12-31
technology ADBE CRM 0.7896342829 1.023419917 0.01878353277 -0.003461849404 0.0006451236859 0.01088311634 4.273038519 0.03 0.01 1.901425076e-06 7.920821409 0.007444593165 0.303658989 22.05239589 0.07629323552 2015-01-01 2023-12-31
technology SHOP CRM -8.770538943 2.414223808 0.04475848532 -0.008379304536 0.001589504907 0.0888188996 4.31786441 0.03 0.01 0.009746515936 4.407213487 -0.03138613429 0.7865471902 39.6334532 0.2649279274 2015-01-01 2023-12-31
utilities OGS PNW -0.1471687664 1.004405601 0.01175528043 -0.002784719736 0.0006662574531 0.003837652764 3.82289539 0.03 0.01 3.439706755e-08 11.40342405 -0.00103813926 0.2279566796 15.31760011 0.04773310519 2015-01-01 2023-12-31
utilities OGS SR -0.3044014824 1.086597283 0.008038262735 -0.00199634794 0.00049978581 0.001201870201 3.689177308 0.03 0.01 1.186143093e-08 19.976713 -0.0009509710078 0.2259000249 8.743835361 0.03573874237 2015-01-01 2023-12-31
utilities OGS POR 0.07366492444 1.104211267 0.009843450825 -0.002694693885 0.000747268335 0.004532388034 3.267906008 0.03 0.01 1.468377742e-05 12.3936086 -0.00374269024 0.2649399857 14.09380392 0.05321494558 2015-01-01 2023-12-31
utilities OGS NWE -0.728750854 1.264394607 0.01464096716 -0.003824344858 0.001008629905 0.005641315534 3.584514315 0.03 0.01 1.098498281e-05 9.620044662 -0.00351494649 0.3029555881 18.15720151 0.06906776864 2015-01-01 2023-12-31
utilities WEC AEP 0.2261560599 0.9551335774 0.007088740572 -0.001645387946 0.0003838448006 0.0003796044783 3.734459262 0.03 0.01 5.375069531e-12 33.82892182 0.0001478875606 0.1416378949 5.163424671 0.01721949408 2015-01-01 2023-12-31
utilities WEC WTRG 1.764444937 0.733537121 0.006560626014 -0.001862883072 0.000535521246 0.001859829194 3.088440362 0.03 0.01 7.599958062e-11 12.87109464 0.002791759143 0.1766559595 13.57095837 0.03481813889 2015-01-01 2023-12-31
utilities WEC ETR 1.168658705 0.8288860244 0.01565887412 -0.004081717022 0.001074795106 0.006885290001 3.20487437 0.03 0.01 1.407252867e-06 14.60504005 0.0008431783171 0.1791118211 11.95978161 0.03314040988 2015-01-01 2023-12-31
utilities WEC NEE 1.82574793 0.6236407684 0.006253505255 -0.001551937561 0.0003892634795 0.001187515691 3.058771817 0.03 0.01 8.670274244e-11 16.60185584 -0.003011811497 0.1821519461 10.52129902 0.03161116477 2015-01-01 2023-12-31
utilities WEC OKLO 5.548819485 -0.5223532598 0.1581472334 -0.06732151686 0.02866875265 0.001040279454 2.286671455 0.03 0.01 0.0005412440762 19.37249036 0.00109600712 0.2329395541 9.016553176 0.03742273422 2015-01-01 2023-12-31
utilities WEC CMS 0.6771793409 0.9195036932 0.006258079182 -0.001570383929 0.0003964224753 0.0004080049108 3.332320208 0.03 0.01 5.357393725e-10 45.33651183 0.0005840570514 0.1169861141 3.852812721 0.01228556874 2015-01-01 2023-12-31
utilities WEC XEL 0.6308374021 0.9187124572 0.006128176069 -0.001517513158 0.0003779754907 0.0003720985853 3.309544931 0.03 0.01 1.825779752e-18 44.59795323 -0.0001462038334 0.1220146897 3.916616725 0.01291932008 2015-01-01 2023-12-31
utilities WEC PCG 4.006504679 0.1112217554 0.002791722881 -0.0009524945423 0.000332835165 0.001134461363 3.965339912 0.03 0.01 5.538395526e-09 20.507465 0.01315252829 0.3525058851 8.517536882 0.05504214938 2015-01-01 2023-12-31
utilities IDA ATO 0.9884521186 0.7524718853 0.01056235577 -0.002254329699 0.0004838422123 0.000977793509 3.926262296 0.03 0.01 1.695599905e-14 23.10156539 -0.0003221410372 0.1490650309 7.561093224 0.02193007273 2015-01-01 2023-12-31
utilities IDA ORA 3.090984942 0.3312342524 0.009881848999 -0.002301336481 0.0005444787908 0.006617939185 3.637428981 0.03 0.01 2.227601703e-06 10.18197605 0.005154591718 0.2315821452 17.15512674 0.05131851009 2015-01-01 2023-12-31
utilities IDA EVRG 1.965774623 0.6624978088 0.007016457679 -0.00181983373 0.0004763462447 0.001192478562 3.442819445 0.03 0.01 1.425385489e-11 22.31425389 0.003364754271 0.1581593527 7.827870488 0.02367492958 2015-01-01 2023-12-31
utilities IDA DTE 0.6603386866 0.8394850346 0.009901295967 -0.002154621038 0.0004718186591 0.001095896939 3.951635707 0.03 0.01 7.621921254e-08 27.94945367 -0.001267005242 0.1922882326 6.249606577 0.02571882056 2015-01-01 2023-12-31
utilities IDA OKLO 4.833592313 -0.1417154937 0.1601120581 -0.06816059108 0.02902718637 0.001061406075 2.286671455 0.03 0.01 5.561898241e-05 24.75845215 0.0003451345728 0.2282629552 7.055089246 0.03243834532 2015-01-01 2023-12-31
utilities IDA TXNM 1.575989036 0.8005135458 0.007316870079 -0.001989653348 0.0005454633597 0.001014236328 3.113291586 0.03 0.01 6.318293583e-12 26.71199323 0.0003282266917 0.2027331574 6.539126001 0.0277368181 2015-01-01 2023-12-31
utilities IDA NI 2.170861754 0.732456595 0.00624354873 -0.001939464522 0.0006122438631 0.002816448414 2.687722111 0.03 0.01 1.063125014e-10 17.02999382 0.003013001212 0.1537128892 10.25679113 0.02633831835 2015-01-01 2023-12-31
utilities IDA POR 1.310987854 0.8818298526 0.005852130162 -0.001604601308 0.0004439818572 0.000827508715 3.267906008 0.03 0.01 2.545276754e-09 28.25650502 0.001209744286 0.161382243 6.181694776 0.02146750277 2015-01-01 2023-12-31
utilities ATO NI 1.821692924 0.8944754884 0.005402397975 -0.001680217797 0.0005298114257 0.001562984116 2.687722111 0.03 0.01 8.359627631e-18 29.55914927 0.003431989365 0.1653533178 5.909273231 0.02150561914 2015-01-01 2023-12-31
utilities AEP ORA 3.162372793 0.2613155149 0.008930531648 -0.00208345472 0.0004932264161 0.004674777847 3.637428981 0.03 0.01 6.088925275e-08 10.85559216 0.006675674113 0.2165063026 16.09060905 0.04646530436 2015-01-01 2023-12-31
utilities AEP ETR 1.047198798 0.8458917651 0.01196424692 -0.003115215315 0.0008193139438 0.00397326859 3.20487437 0.03 0.01 1.413223653e-07 16.46517289 -0.0005471457666 0.1453146646 10.60863987 0.02532277512 2015-01-01 2023-12-31
utilities AEP CMS 0.8396263101 0.8700883552 0.006152768278 -0.001543985028 0.0003897129938 0.0003782038083 3.332320208 0.03 0.01 9.26417766e-16 35.62393138 0.0004885291021 0.1156527646 4.903251346 0.01370156256 2015-01-01 2023-12-31
utilities AEP AEE 0.8579447652 0.8104969608 0.008363236583 -0.001969196285 0.0004667111924 0.0008438772805 3.516129491 0.03 0.01 3.673559168e-10 22.7136522 0.0006965085789 0.1255103684 7.690224714 0.01862177696 2015-01-01 2023-12-31
utilities AEP TXNM 1.881398736 0.6577380235 0.007117959335 -0.001936518758 0.0005309434877 0.0008713597782 3.113291586 0.03 0.01 4.276264303e-11 24.04560082 0.001725105824 0.1906270523 7.264243085 0.0274885428 2015-01-01 2023-12-31
utilities AEP SRE 0.8325489233 0.8205665073 0.01791687845 -0.004251341088 0.00101666602 0.005387846148 3.609789332 0.03 0.01 3.53240174e-10 18.92770195 -0.0004895090104 0.1967735782 9.22843618 0.03198179543 2015-01-01 2023-12-31
utilities AEP XEL 0.8385699277 0.8588447251 0.005852603435 -0.001449231629 0.0003608301352 0.0003027159474 3.309544931 0.03 0.01 2.554173235e-13 37.7678509 -9.801916881e-05 0.1211112396 4.624914719 0.01393504306 2015-01-01 2023-12-31
utilities ORA EVRG 1.412142109 0.7410725548 0.01425289254 -0.003658965597 0.0009538142355 0.01310417853 3.442819445 0.03 0.01 0.00026131902 5.605992944 0.01033723802 0.3398828382 31.15827851 0.1015051237 2015-01-01 2023-12-31
utilities ORA DTE -0.1560177878 0.9702973177 0.02418622383 -0.005279355681 0.001162661381 0.01256814311 3.951635707 0.03 0.01 0.000102797185 6.368824824 -0.007022662967 0.3632063229 27.4262669 0.1017674168 2015-01-01 2023-12-31
utilities ORA WTRG 0.4407900709 1.09185364 0.02091920043 -0.005888549095 0.001679489321 0.02068883731 3.088440362 0.03 0.01 5.140309753e-05 7.273170256 0.002253392652 0.3591136935 24.01608698 0.09415753728 2015-01-01 2023-12-31
utilities ORA ETR 1.269280087 0.7934805954 0.03586271978 -0.009349282366 0.002460315358 0.03058098603 3.20487437 0.03 0.01 0.0008725833611 4.765955431 -0.003692311009 0.3496416168 36.65017267 0.1132486761 2015-01-01 2023-12-31
utilities ORA ED 0.02364572064 0.9642343051 0.02896087518 -0.006534265932 0.001486913464 0.01665000724 3.854182333 0.03 0.01 0.0001053166486 6.247571092 -0.001120748644 0.3736652543 27.95855972 0.1057090367 2015-01-01 2023-12-31
utilities ORA NEE 0.1943113008 1.007744633 0.01518290956 -0.003734535436 0.0009317129978 0.01179565931 3.058771817 0.03 0.01 3.047086028e-06 8.604922948 -0.02198476488 0.3557329708 20.29920437 0.08575029613 2015-01-01 2023-12-31
utilities ORA ES -0.09884604193 1.094241548 0.02889825278 -0.007171846614 0.001796670907 0.02026314269 3.595277171 0.03 0.01 0.0001810063989 7.118646626 -0.001544756038 0.3847232225 24.53740137 0.1019611409 2015-01-01 2023-12-31
utilities ORA CMS 0.4289505514 0.9705038026 0.02012452876 -0.005051585867 0.001282242654 0.01360661773 3.332320208 0.03 0.01 0.0003549532927 5.90393894 -0.005684739018 0.3538233161 29.58585637 0.1029675838 2015-01-01 2023-12-31
utilities ORA DUK -0.4450330403 1.071606778 0.05278509214 -0.01191134139 0.002703016958 0.02411900809 3.911078495 0.03 0.01 0.0003055587591 5.586598571 -0.007673808552 0.3761790655 31.26644724 0.1125397361 2015-01-01 2023-12-31
utilities ORA AEE 0.3573194367 0.91596372 0.02207097017 -0.005143829633 0.001210935856 0.013081052 3.516129491 0.03 0.01 0.0001068519571 5.62770862 -0.007032483507 0.3550262633 31.03804786 0.1058229056 2015-01-01 2023-12-31
utilities ORA AWK 0.4013951885 0.8022982733 0.02101967782 -0.004342012071 0.0009066499474 0.01338461704 3.944487513 0.03 0.01 0.00046207448 6.227031375 -0.006636239201 0.3312157366 28.05078038 0.09385457294 2015-01-01 2023-12-31
utilities ORA TXNM 0.6078325085 0.9949644786 0.01748396844 -0.004699744781 0.001281197141 0.01634977183 3.113291586 0.03 0.01 3.821850696e-06 7.461980867 0.0006635281222 0.3645567385 23.40840758 0.09436763405 2015-01-01 2023-12-31
utilities ORA SRE 0.2735534494 0.9586210538 0.04585306465 -0.01089241242 0.002605595297 0.0277323132 3.609789332 0.03 0.01 0.000149854021 6.249754915 -0.01031312074 0.3978873643 27.94879029 0.112541748 2015-01-01 2023-12-31
utilities ORA LNT 0.7870234746 0.9078244621 0.01850094193 -0.004785746427 0.001253372947 0.01411597003 3.191615605 0.03 0.01 0.0003120159688 5.574223056 -0.005014522483 0.349265436 31.33586291 0.1046040355 2015-01-01 2023-12-31
utilities ORA POR 0.8293954541 0.9470983186 0.01595235193 -0.004348404358 0.001201719844 0.01329529051 3.267906008 0.03 0.01 9.390961386e-05 6.39728152 0.003964994884 0.3752521299 27.30426806 0.1049084418 2015-01-01 2023-12-31
utilities ORA XEL 0.4306437597 0.9574279928 0.02113718497 -0.005237287397 0.001312006817 0.01442346374 3.309544931 0.03 0.01 0.0002415744804 5.788524554 -0.01022503712 0.3549401702 30.1757534 0.1043172706 2015-01-01 2023-12-31
utilities EVRG OKLO 3.570480272 0.1088816713 0.1649144447 -0.07021155314 0.02990335939 0.001113855113 2.286671455 0.03 0.01 0.0009732759528 17.76617176 -0.004621988548 0.2314296537 9.83177985 0.038824608 2015-01-01 2023-12-31
utilities EVRG BKH 0.6794534828 0.819494992 0.01038203076 -0.002662992103 0.000693136889 0.006486338438 3.587198951 0.03 0.01 1.717287009e-05 9.446527007 0.002644730086 0.2002909509 18.49072039 0.04607976392 2015-01-01 2023-12-31
utilities EVRG POR -0.2989446726 1.142120433 0.008432886486 -0.002310917648 0.0006410027374 0.00296099887 3.267906008 0.03 0.01 7.195022487e-08 12.47570941 -0.003478874848 0.2474262572 14.00105468 0.04953340268 2015-01-01 2023-12-31
utilities DTE OKLO 5.620059869 -0.4412661397 0.1199778042 -0.0510279004 0.02171125962 0.0006680721827 2.286671455 0.03 0.01 0.001340286302 17.58275767 0.003271556172 0.2317467381 9.93433981 0.03908005236 2015-01-01 2023-12-31
utilities DTE DUK -0.4151605773 1.124074234 0.01634975749 -0.003677102545 0.0008322998319 0.003073246447 3.911078495 0.03 0.01 1.496677434e-07 14.73819373 -0.000677338085 0.1704980928 11.85172978 0.03140381404 2015-01-01 2023-12-31
utilities DTE AEE 0.9479505923 0.8631391798 0.007044149409 -0.001662758955 0.0003946338056 0.0004257836393 3.516129491 0.03 0.01 2.09917492e-09 31.06252876 0.0004131745541 0.1717930494 5.62327333 0.02179576851 2015-01-01 2023-12-31
utilities DTE TXNM 1.671346354 0.7938710175 0.007565677775 -0.002056074686 0.0005636058344 0.001209793601 3.113291586 0.03 0.01 1.452911649e-09 19.48813991 0.002262977331 0.1861397111 8.963045746 0.02981527664 2015-01-01 2023-12-31
utilities DTE PEG 0.1293303961 1.099212137 0.01457061735 -0.003596835587 0.0008949488258 0.003645792453 3.377917531 0.03 0.01 1.360638943e-08 12.33350716 -0.003842457694 0.1771925934 14.16248332 0.03567691318 2015-01-01 2023-12-31
utilities D OKLO 6.986359565 -1.393550818 0.1428343257 -0.06078318814 0.02587615538 0.0008822256118 2.286671455 0.03 0.01 0.002739475425 15.78955336 -0.008299332056 0.2778698368 11.06257318 0.04944717509 2015-01-01 2023-12-31
utilities WTRG ETR 0.7133663344 0.729332821 0.01651636425 -0.004305931894 0.00113400117 0.007627590948 3.20487437 0.03 0.01 1.254678764e-05 9.67121978 -0.001619957468 0.1864106528 18.06112295 0.04238528456 2015-01-01 2023-12-31
utilities WTRG NEE 0.6845674435 0.6994420404 0.008347904602 -0.002070626661 0.0005199716957 0.002781412251 3.058771817 0.03 0.01 1.129320652e-08 17.23858261 -0.00558451298 0.2002875774 10.1326828 0.03411051202 2015-01-01 2023-12-31
utilities WTRG ES -0.1161665146 0.9104029553 0.008892775074 -0.002231041044 0.0005647994743 0.001842295972 3.595277171 0.03 0.01 2.222885087e-11 15.15478788 -5.260317593e-05 0.186929595 11.5259343 0.03395378046 2015-01-01 2023-12-31
utilities WTRG CMS 0.3060222999 0.8036770373 0.00852504452 -0.002140194935 0.000541882354 0.001475375065 3.332320208 0.03 0.01 5.932755972e-10 14.7443735 -0.0006389639595 0.1777526912 11.8467624 0.03273316692 2015-01-01 2023-12-31
utilities WTRG AEE 0.3495336399 0.7394581381 0.01104740716 -0.002592013188 0.0006132233768 0.002297116045 3.516129491 0.03 0.01 8.521181944e-08 11.12898839 -0.0005687636445 0.1772973666 15.69532499 0.03758023077 2015-01-01 2023-12-31
utilities WTRG AWK 0.15762707 0.6937645338 0.009815436476 -0.002035338321 0.0004248039754 0.001115923737 3.944487513 0.03 0.01 1.112079552e-08 18.23890534 -0.0007766248712 0.1679065156 9.576950274 0.02780053583 2015-01-01 2023-12-31
utilities WTRG TXNM 0.9459362027 0.6942274152 0.008275160806 -0.002245322362 0.0006152505144 0.001859161263 3.113291586 0.03 0.01 2.815263343e-09 16.42857521 0.0006608245149 0.221996214 10.63227257 0.03872849495 2015-01-01 2023-12-31
utilities WTRG LNT 0.6333733255 0.7442000507 0.009332964601 -0.002418305868 0.0006332386997 0.002654727238 3.191615605 0.03 0.01 2.909939121e-07 12.79721549 -0.0002616512055 0.1786997024 13.64930438 0.03532247202 2015-01-01 2023-12-31
utilities WTRG XEL 0.3359669408 0.7856868852 0.008581646718 -0.00212672466 0.000531505103 0.001449797498 3.309544931 0.03 0.01 7.081722507e-08 13.71237184 -0.001675187584 0.1819059414 12.73835712 0.03473566322 2015-01-01 2023-12-31
utilities WTRG PCG 3.083741578 0.1411586849 0.003222251032 -0.001089670793 0.0003810154605 0.002860665175 3.965339912 0.03 0.01 5.098866533e-07 14.1821777 0.01415952391 0.3333969334 12.31637998 0.06260011655 2015-01-01 2023-12-31
utilities SWX VST 3.491721669 0.1502300871 0.005942197399 -0.001658609088 0.0004730325061 0.004349387381 2.709056056 0.03 0.01 5.356228224e-06 14.00851679 -0.002752148743 0.3110004629 12.46906379 0.05875569397 2015-01-01 2023-12-31
utilities SWX BKH 1.287275696 0.7108605237 0.009336043011 -0.002398791926 0.0006247851042 0.004552433783 3.587198951 0.03 0.01 1.127462574e-05 10.17994847 -0.001274201961 0.2356237776 17.15854358 0.05221933379 2015-01-01 2023-12-31
utilities OGE POR 0.8169721653 0.7215259603 0.01143366164 -0.003126140677 0.0008662590453 0.006545518787 3.267906008 0.03 0.01 1.575064468e-05 9.746662182 0.005121803807 0.1751152687 17.92132386 0.03966258904 2015-01-01 2023-12-31
utilities ETR OKLO 5.850245952 -0.8647004445 0.2047571755 -0.08723234825 0.03717682775 0.001593787139 2.286671455 0.03 0.01 0.001637043227 19.08982673 0.005671529255 0.2547516716 9.150061548 0.04122883387 2015-01-01 2023-12-31
utilities ETR CMS 1.281579703 0.6405093404 0.01116493701 -0.002804235673 0.0007115129686 0.003539728073 3.332320208 0.03 0.01 1.219665586e-08 13.06987178 0.006392324502 0.1739386797 13.3645603 0.03402087724 2015-01-01 2023-12-31
utilities ETR SRE 0.1062890309 0.8842628779 0.01059430098 -0.002508179173 0.0005981606555 0.001684697883 3.609789332 0.03 0.01 8.584768178e-13 26.48444962 0.000250371745 0.2019860442 6.595307511 0.02775306098 2015-01-01 2023-12-31
utilities ETR XEL 1.259513008 0.6376848046 0.01142559013 -0.00283353509 0.0007097633626 0.003547785489 3.309544931 0.03 0.01 6.93491595e-08 12.40489023 0.005384670487 0.1745801841 14.08098631 0.03504963394 2015-01-01 2023-12-31
utilities ETR PCG 3.546312264 0.09515514114 0.003244035985 -0.00109652347 0.0003834121547 0.002978049099 3.965339912 0.03 0.01 1.687892577e-07 13.45231353 0.01439734895 0.2770051719 12.98461333 0.05340407407 2015-01-01 2023-12-31
utilities CNP NJR -0.02629516589 0.900264727 0.0111152166 -0.003001307802 0.0008234266738 0.00858776333 3.139976917 0.03 0.01 0.0001787335025 8.888741295 -0.0003724672638 0.264986148 19.65104886 0.06284750499 2015-01-01 2023-12-31
utilities ED SRE 1.154575492 0.7759498226 0.02419066362 -0.005744338926 0.00137454092 0.009397819968 3.609789332 0.03 0.01 1.591648572e-06 12.20148417 -0.0007349471755 0.2035743431 14.31572479 0.04120991452 2015-01-01 2023-12-31
utilities ED NI 2.09961789 0.726323852 0.005395939348 -0.00167822348 0.0005291765136 0.001554933124 2.687722111 0.03 0.01 2.180050529e-08 23.34496142 0.002756358077 0.1561973927 7.482260792 0.02285926183 2015-01-01 2023-12-31
utilities NEE OKLO 2.908777222 0.4678411451 0.3381017152 -0.1442334995 0.06155064317 0.003814089803 2.286671455 0.03 0.01 0.002874865911 10.44897215 -0.01928775596 0.2965001189 16.71677242 0.06485942411 2015-01-01 2023-12-31
utilities NEE AWK 0.243515669 0.7825857749 0.009736677986 -0.002018958363 0.0004213507056 0.001079633568 3.944487513 0.03 0.01 3.91185223e-14 22.77301118 0.004283934715 0.1891225133 7.670179763 0.02802321786 2015-01-01 2023-12-31
utilities ES PCG 3.472920264 0.1737730255 0.002653267362 -0.000907529067 0.0003170042915 0.0008041904393 3.965339912 0.03 0.01 2.671037334e-09 22.56242003 0.007256160248 0.3136209724 7.741771019 0.04668713881 2015-01-01 2023-12-31
utilities CMS AEE 0.0922322638 0.9168716876 0.007654107793 -0.001804510812 0.0004279720754 0.0005945438774 3.516129491 0.03 0.01 1.482348678e-14 31.44175885 -0.0001335219782 0.1114876938 5.555449056 0.0140591323 2015-01-01 2023-12-31
utilities CMS TXNM 1.282794318 0.7334281576 0.007156366855 -0.0019467812 0.0005337483229 0.0008979848747 3.113291586 0.03 0.01 1.147023643e-10 21.58030649 0.00136478433 0.1971721471 8.094096792 0.03001247171 2015-01-01 2023-12-31
utilities CMS LNT 0.4937279159 0.9045906975 0.006682525207 -0.001732068739 0.0004524119735 0.0007559146769 3.191615605 0.03 0.01 2.163917139e-15 30.08812717 0.0003528602763 0.100850311 5.805382586 0.01300063801 2015-01-01 2023-12-31
utilities CMS XEL 0.3373595816 0.9019648419 0.004431408227 -0.001097515578 0.0002728010033 8.343859178e-05 3.309544931 0.03 0.01 2.251691012e-27 67.64635502 -0.0003478048375 0.1118101764 2.582150797 0.009612672238 2015-01-01 2023-12-31
utilities PNW SR 0.9972739888 0.7998562259 0.01010912731 -0.002514694549 0.0006317988645 0.002883584927 3.689177308 0.03 0.01 1.127215509e-07 12.19385591 0.0005093333701 0.2052309229 14.32468046 0.04155825187 2015-01-01 2023-12-31
utilities DUK CWEN 3.706956797 0.2341368465 0.005492110233 -0.001773225255 0.0005894492118 0.006716997782 2.233941584 0.03 0.01 2.265213129e-06 10.08380604 0.008486510094 0.2054044731 17.32213896 0.04573857789 2015-01-01 2023-12-31
utilities DUK SRE 1.317598293 0.741555971 0.01094425517 -0.002591450356 0.0006181660857 0.001831543359 3.609789332 0.03 0.01 2.52190029e-11 18.55975075 -6.273627162e-05 0.1761859288 9.411391986 0.02891812646 2015-01-01 2023-12-31
utilities DUK PEG 1.213379507 0.7986402318 0.0104299878 -0.002572977139 0.0006395633583 0.001742812508 3.377917531 0.03 0.01 2.664013485e-07 15.64304041 -0.0002805159495 0.1498124312 11.16618541 0.02678380476 2015-01-01 2023-12-31
utilities AEE TXNM 1.441951782 0.7623248737 0.006830199561 -0.001859580756 0.0005099085843 0.000686965027 3.113291586 0.03 0.01 7.929609493e-12 26.01831671 0.001426283711 0.2009774061 6.713466187 0.02786073958 2015-01-01 2023-12-31
utilities AEE LNT 0.7581686997 0.9063503105 0.007559424652 -0.001959233529 0.0005122881647 0.001248938522 3.191615605 0.03 0.01 3.042024427e-08 29.52011596 0.001085443704 0.1192717435 5.917086834 0.01552256691 2015-01-01 2023-12-31
utilities AWK LNT 0.6604873373 1.080704906 0.009162818452 -0.002374292693 0.0006216540213 0.002500276907 3.191615605 0.03 0.01 7.386860375e-07 10.965687 0.001225320375 0.1646797281 15.92906031 0.03516472464 2015-01-01 2023-12-31
utilities SR BKH 1.595685183 0.6203541812 0.009116789415 -0.002343228838 0.0006103556402 0.004183404878 3.587198951 0.03 0.01 6.283637185e-06 12.86106571 0.003023540782 0.1939031602 13.58154087 0.03823238677 2015-01-01 2023-12-31
utilities SR TXNM 1.377303064 0.7138070595 0.008628354019 -0.002339491353 0.0006409251554 0.002226159396 3.113291586 0.03 0.01 4.809333592e-09 15.87793534 -0.002059061446 0.229007226 11.00099514 0.04063845362 2015-01-01 2023-12-31
utilities SR NI 1.74175155 0.7106243482 0.004820511548 -0.001500286075 0.0004725177979 0.0009430144046 2.687722111 0.03 0.01 7.242784264e-11 23.66002542 -0.0004739100197 0.1931680192 7.382624761 0.02808100361 2015-01-01 2023-12-31
utilities SR POR 1.019841192 0.8207925614 0.008605059287 -0.002357830642 0.0006540188594 0.003140286348 3.267906008 0.03 0.01 1.235667689e-07 13.37615947 -0.001046168139 0.1868317798 13.05853821 0.03612185412 2015-01-01 2023-12-31
utilities SR NWE 0.05455345184 1.03720715 0.009272212002 -0.002423763516 0.0006390775316 0.001857549032 3.584514315 0.03 0.01 1.279966828e-10 20.30579253 -0.0006238516526 0.2380961305 8.602131104 0.03736176351 2015-01-01 2023-12-31
utilities BKH POR -0.2574009828 1.135612228 0.01044943459 -0.002859229511 0.0007926968851 0.005272268489 3.267906008 0.03 0.01 7.234276564e-07 13.92728901 -0.005597239141 0.2415031972 12.5417868 0.04575879642 2015-01-01 2023-12-31
utilities TXNM LNT 0.7648805596 0.754406545 0.007894733422 -0.002046075952 0.0005351834882 0.001476114971 3.191615605 0.03 0.01 7.722241673e-12 18.55251928 -0.0009801183053 0.1986095041 9.415060394 0.03260495337 2015-01-01 2023-12-31
utilities TXNM POR 0.9191216388 0.7573396199 0.006742184677 -0.001848908049 0.0005123498151 0.00142838114 3.267906008 0.03 0.01 4.601133691e-05 18.99179352 0.001501830554 0.2171016282 9.197292995 0.03522614292 2015-01-01 2023-12-31
utilities SRE SO 1.489729888 0.6528400078 0.01134854086 -0.00272072277 0.0006577081477 0.002430383732 3.426451151 0.03 0.01 1.181139935e-09 16.01310393 0.003666696573 0.1900622241 10.90813438 0.03358482178 2015-01-01 2023-12-31
utilities NI NJR 0.2818112172 0.7917880546 0.009745829558 -0.002634352285 0.0007229842677 0.00603530755 3.139976917 0.03 0.01 3.778196575e-05 13.44829698 -0.0009466135024 0.254155388 12.98849139 0.04900616045 2015-01-01 2023-12-31
utilities NI POR -0.3509804464 0.9756601756 0.0109745906 -0.003001690768 0.0008319786771 0.005941161822 3.267906008 0.03 0.01 0.001306882836 12.14203466 0.001066756669 0.2010893984 14.38581707 0.04080641509 2015-01-01 2023-12-31
utilities FE PCG 3.236679322 0.08749051701 0.003249731453 -0.001098313965 0.0003840381924 0.003009215456 3.965339912 0.03 0.01 3.350968623e-06 13.69168332 0.006973265534 0.2827017107 12.75760514 0.05402378593 2015-01-01 2023-12-31
utilities LNT XEL -0.1112541285 0.9828940563 0.007753779288 -0.001920962793 0.0004795779448 0.0009953216756 3.309544931 0.03 0.01 1.424316143e-10 23.13444999 -0.001283659302 0.1152559947 7.550345463 0.01694411678 2015-01-01 2023-12-31
utilities POR NWE -0.2595244862 1.020122658 0.009703025571 -0.002536398739 0.0006689011607 0.002113014337 3.584514315 0.03 0.01 1.144533793e-09 22.70808913 0.000909790167 0.2097376178 7.692108681 0.03112225366 2015-01-01 2023-12-31
utilities PPL PCG 2.648168522 0.1829951278 0.003090033561 -0.001047924453 0.0003663910333 0.0022107353 3.965339912 0.03 0.01 1.346570783e-08 14.82358088 0.008914237116 0.3145008261 11.78346115 0.05776040491 2015-01-01 2023-12-31
utilities NWE PCG 3.289065911 0.1801355492 0.002714310218 -0.000927407251 0.000324001587 0.0009379241022 3.965339912 0.03 0.01 5.496165637e-11 26.02832394 0.005573720684 0.3134708617 6.71088503 0.0434469284 2015-01-01 2023-12-31
